SN,Total Feedback Given,Total Configured,Questions,Weightage 1,Weightage 2,Weightage 3,Weightage 4,Weightage 5,Average/ Percentage,Course Name,Basic Course,Sentiment,Calculated_Score
1,1,12,How much of the syllabus was covered in the class?,0,0,1,0,0,,FY B.VOC FOOD TECHNOLOGY,B.VOC FOOD TECHNOLOGY,Positive,3.0
2,1,12,How well did the teachers prepare for the classes?,0,0,0,0,1,,FY B.VOC FOOD TECHNOLOGY,B.VOC FOOD TECHNOLOGY,Neutral,5.0
3,1,12,How well were the teachers able to communicate?,0,0,0,0,1,,FY B.VOC FOOD TECHNOLOGY,B.VOC FOOD TECHNOLOGY,Positive,5.0
4,1,12,The teachers approach to teaching can best be described as,0,0,1,0,0,,FY B.VOC FOOD TECHNOLOGY,B.VOC FOOD TECHNOLOGY,Positive,3.0
5,1,12,Fairness of the internal evaluation process by the teachers.,0,0,0,1,0,,FY B.VOC FOOD TECHNOLOGY,B.VOC FOOD TECHNOLOGY,Neutral,4.0
6,1,12,Was your performance in assignments discussed with you?,0,0,0,1,0,,FY B.VOC FOOD TECHNOLOGY,B.VOC FOOD TECHNOLOGY,Neutral,4.0
7,1,12,"The institute takes an active interest in promoting internships, student exchange, field visit opportunities for students.",0,0,1,0,0,,FY B.VOC FOOD TECHNOLOGY,B.VOC FOOD TECHNOLOGY,Negative,3.0
8,1,12,"The teaching and mentoring process in your institution facilitates you in cognitive, social and
emotional growth.",0,1,0,0,0,,FY B.VOC FOOD TECHNOLOGY,B.VOC FOOD TECHNOLOGY,Positive,2.0
9,1,12,The institution provides multiple opportunities to learn and grow.,0,0,0,1,0,,FY B.VOC FOOD TECHNOLOGY,B.VOC FOOD TECHNOLOGY,Neutral,4.0
10,1,12,"Teachers inform you about your expected competencies, course outcomes and program
outcomes.",0,0,1,0,0,,FY B.VOC FOOD TECHNOLOGY,B.VOC FOOD TECHNOLOGY,Negative,3.0
11,1,12,Your mentor does a necessary follow-up with an assigned task to you.,0,0,1,0,0,,FY B.VOC FOOD TECHNOLOGY,B.VOC FOOD TECHNOLOGY,Neutral,3.0
12,1,12,The teachers illustrate the concepts through examples and applications.,0,0,0,0,1,,FY B.VOC FOOD TECHNOLOGY,B.VOC FOOD TECHNOLOGY,Neutral,5.0
13,1,12,The teachers identify your strengths and encourage you to provide the proper level of challenges.,0,1,0,0,0,,FY B.VOC FOOD TECHNOLOGY,B.VOC FOOD TECHNOLOGY,Neutral,2.0
14,1,12,Teachers are able to identify your weaknesses and help you to overcome them.,0,0,1,0,0,,FY B.VOC FOOD TECHNOLOGY,B.VOC FOOD TECHNOLOGY,Positive,3.0
15,1,12,"The institution makes effort to engage students in the monitoring, review and continuous quality improvement of the teaching-learning process.",0,0,1,0,0,,FY B.VOC FOOD TECHNOLOGY,B.VOC FOOD TECHNOLOGY,Neutral,3.0
16,1,12,"The institute/ teachers use student-centric methods, such as experiential learning, participative learning and problem-solving methodologies for enhancing learning experiences.",0,0,1,0,0,,FY B.VOC FOOD TECHNOLOGY,B.VOC FOOD TECHNOLOGY,Neutral,3.0
17,1,12,Teachers encourage you to participate in extracurricular activities.,0,0,0,1,0,,FY B.VOC FOOD TECHNOLOGY,B.VOC FOOD TECHNOLOGY,Neutral,4.0
18,1,12,"Efforts are made by the institute/ teachers to inculcate soft skills, life skills and employability skills to make you ready for the world of work.",0,1,0,0,0,,FY B.VOC FOOD TECHNOLOGY,B.VOC FOOD TECHNOLOGY,Positive,2.0
19,1,12,"What percentage of teachers use ICT tools such as LCD projectors, Multimedia, etc. while teaching?",0,0,0,1,0,,FY B.VOC FOOD TECHNOLOGY,B.VOC FOOD TECHNOLOGY,Neutral,4.0
20,1,12,The overall quality of the teaching-learning process in your institute is very good.,0,0,1,0,0,,FY B.VOC FOOD TECHNOLOGY,B.VOC FOOD TECHNOLOGY,Positive,3.0
1,1,144,How much of the syllabus was covered in the class?,0,0,0,0,1,,FYBA,BACHELOR OF ARTS,Positive,5.0
2,1,144,How well did the teachers prepare for the classes?,0,0,0,0,1,,FYBA,BACHELOR OF ARTS,Neutral,5.0
3,1,144,How well were the teachers able to communicate?,0,0,0,0,1,,FYBA,BACHELOR OF ARTS,Positive,5.0
4,1,144,The teachers approach to teaching can best be described as,0,0,0,0,1,,FYBA,BACHELOR OF ARTS,Positive,5.0
5,1,144,Fairness of the internal evaluation process by the teachers.,0,0,0,0,1,,FYBA,BACHELOR OF ARTS,Neutral,5.0
6,1,144,Was your performance in assignments discussed with you?,0,0,0,1,0,,FYBA,BACHELOR OF ARTS,Neutral,4.0
7,1,144,"The institute takes an active interest in promoting internships, student exchange, field visit opportunities for students.",0,0,1,0,0,,FYBA,BACHELOR OF ARTS,Negative,3.0
8,1,144,"The teaching and mentoring process in your institution facilitates you in cognitive, social and
emotional growth.",0,0,0,0,1,,FYBA,BACHELOR OF ARTS,Positive,5.0
9,1,144,The institution provides multiple opportunities to learn and grow.,0,0,0,1,0,,FYBA,BACHELOR OF ARTS,Neutral,4.0
10,1,144,"Teachers inform you about your expected competencies, course outcomes and program
outcomes.",0,0,0,0,1,,FYBA,BACHELOR OF ARTS,Negative,5.0
11,1,144,Your mentor does a necessary follow-up with an assigned task to you.,0,0,0,0,1,,FYBA,BACHELOR OF ARTS,Neutral,5.0
12,1,144,The teachers illustrate the concepts through examples and applications.,0,0,0,0,1,,FYBA,BACHELOR OF ARTS,Neutral,5.0
13,1,144,The teachers identify your strengths and encourage you to provide the proper level of challenges.,0,0,0,0,1,,FYBA,BACHELOR OF ARTS,Neutral,5.0
14,1,144,Teachers are able to identify your weaknesses and help you to overcome them.,0,0,0,0,1,,FYBA,BACHELOR OF ARTS,Positive,5.0
15,1,144,"The institution makes effort to engage students in the monitoring, review and continuous quality improvement of the teaching-learning process.",0,0,0,1,0,,FYBA,BACHELOR OF ARTS,Neutral,4.0
16,1,144,"The institute/ teachers use student-centric methods, such as experiential learning, participative learning and problem-solving methodologies for enhancing learning experiences.",0,0,0,1,0,,FYBA,BACHELOR OF ARTS,Neutral,4.0
17,1,144,Teachers encourage you to participate in extracurricular activities.,0,0,0,1,0,,FYBA,BACHELOR OF ARTS,Neutral,4.0
18,1,144,"Efforts are made by the institute/ teachers to inculcate soft skills, life skills and employability skills to make you ready for the world of work.",0,0,0,1,0,,FYBA,BACHELOR OF ARTS,Positive,4.0
19,1,144,"What percentage of teachers use ICT tools such as LCD projectors, Multimedia, etc. while teaching?",0,0,0,0,1,,FYBA,BACHELOR OF ARTS,Neutral,5.0
20,1,144,The overall quality of the teaching-learning process in your institute is very good.,0,0,0,1,0,,FYBA,BACHELOR OF ARTS,Positive,4.0
1,74,119,How much of the syllabus was covered in the class?,1,2,13,27,31,,FY BCOM (ACCOUNTING & FINANCE),BACHELOR OF COMMERCE (ACCOUNTING AND FINANCE),Positive,4.148648648648648
2,74,119,How well did the teachers prepare for the classes?,1,1,14,52,6,,FY BCOM (ACCOUNTING & FINANCE),BACHELOR OF COMMERCE (ACCOUNTING AND FINANCE),Neutral,3.824324324324324
3,74,119,How well were the teachers able to communicate?,2,1,7,28,36,,FY BCOM (ACCOUNTING & FINANCE),BACHELOR OF COMMERCE (ACCOUNTING AND FINANCE),Positive,4.283783783783784
4,74,119,The teachers approach to teaching can best be described as,0,5,17,35,17,,FY BCOM (ACCOUNTING & FINANCE),BACHELOR OF COMMERCE (ACCOUNTING AND FINANCE),Positive,3.864864864864865
5,74,119,Fairness of the internal evaluation process by the teachers.,3,3,9,21,38,,FY BCOM (ACCOUNTING & FINANCE),BACHELOR OF COMMERCE (ACCOUNTING AND FINANCE),Neutral,4.1891891891891895
6,74,119,Was your performance in assignments discussed with you?,1,3,8,27,35,,FY BCOM (ACCOUNTING & FINANCE),BACHELOR OF COMMERCE (ACCOUNTING AND FINANCE),Neutral,4.243243243243243
7,74,119,"The institute takes an active interest in promoting internships, student exchange, field visit opportunities for students.",2,6,22,10,34,,FY BCOM (ACCOUNTING & FINANCE),BACHELOR OF COMMERCE (ACCOUNTING AND FINANCE),Negative,3.918918918918919
8,74,119,"The teaching and mentoring process in your institution facilitates you in cognitive, social and
emotional growth.",1,4,12,40,17,,FY BCOM (ACCOUNTING & FINANCE),BACHELOR OF COMMERCE (ACCOUNTING AND FINANCE),Positive,3.918918918918919
9,74,119,The institution provides multiple opportunities to learn and grow.,1,3,8,43,19,,FY BCOM (ACCOUNTING & FINANCE),BACHELOR OF COMMERCE (ACCOUNTING AND FINANCE),Neutral,4.027027027027027
10,74,119,"Teachers inform you about your expected competencies, course outcomes and program
outcomes.",0,3,9,32,30,,FY BCOM (ACCOUNTING & FINANCE),BACHELOR OF COMMERCE (ACCOUNTING AND FINANCE),Negative,4.202702702702703
11,74,119,Your mentor does a necessary follow-up with an assigned task to you.,2,4,11,30,27,,FY BCOM (ACCOUNTING & FINANCE),BACHELOR OF COMMERCE (ACCOUNTING AND FINANCE),Neutral,4.027027027027027
12,74,119,The teachers illustrate the concepts through examples and applications.,1,4,7,27,35,,FY BCOM (ACCOUNTING & FINANCE),BACHELOR OF COMMERCE (ACCOUNTING AND FINANCE),Neutral,4.22972972972973
13,74,119,The teachers identify your strengths and encourage you to provide the proper level of challenges.,1,2,6,32,33,,FY BCOM (ACCOUNTING & FINANCE),BACHELOR OF COMMERCE (ACCOUNTING AND FINANCE),Neutral,4.27027027027027
14,74,119,Teachers are able to identify your weaknesses and help you to overcome them.,1,3,12,34,24,,FY BCOM (ACCOUNTING & FINANCE),BACHELOR OF COMMERCE (ACCOUNTING AND FINANCE),Positive,4.04054054054054
15,74,119,"The institution makes effort to engage students in the monitoring, review and continuous quality improvement of the teaching-learning process.",0,4,9,46,15,,FY BCOM (ACCOUNTING & FINANCE),BACHELOR OF COMMERCE (ACCOUNTING AND FINANCE),Neutral,3.972972972972973
16,74,119,"The institute/ teachers use student-centric methods, such as experiential learning, participative learning and problem-solving methodologies for enhancing learning experiences.",1,5,5,44,19,,FY BCOM (ACCOUNTING & FINANCE),BACHELOR OF COMMERCE (ACCOUNTING AND FINANCE),Neutral,4.013513513513513
17,74,119,Teachers encourage you to participate in extracurricular activities.,1,2,5,34,32,,FY BCOM (ACCOUNTING & FINANCE),BACHELOR OF COMMERCE (ACCOUNTING AND FINANCE),Neutral,4.27027027027027
18,74,119,"Efforts are made by the institute/ teachers to inculcate soft skills, life skills and employability skills to make you ready for the world of work.",1,5,10,35,23,,FY BCOM (ACCOUNTING & FINANCE),BACHELOR OF COMMERCE (ACCOUNTING AND FINANCE),Positive,4.0
19,74,119,"What percentage of teachers use ICT tools such as LCD projectors, Multimedia, etc. while teaching?",19,5,26,18,6,,FY BCOM (ACCOUNTING & FINANCE),BACHELOR OF COMMERCE (ACCOUNTING AND FINANCE),Neutral,2.824324324324324
20,74,119,The overall quality of the teaching-learning process in your institute is very good.,0,3,10,36,25,,FY BCOM (ACCOUNTING & FINANCE),BACHELOR OF COMMERCE (ACCOUNTING AND FINANCE),Positive,4.121621621621622
1,20,33,How much of the syllabus was covered in the class?,0,0,1,4,15,,FY BCOM (BANKING & INSURANCE),BACHELOR OF COMMERCE (BANKING AND INSURANCE),Positive,4.7
2,20,33,How well did the teachers prepare for the classes?,1,1,0,12,6,,FY BCOM (BANKING & INSURANCE),BACHELOR OF COMMERCE (BANKING AND INSURANCE),Neutral,4.05
3,20,33,How well were the teachers able to communicate?,0,1,2,3,14,,FY BCOM (BANKING & INSURANCE),BACHELOR OF COMMERCE (BANKING AND INSURANCE),Positive,4.5
4,20,33,The teachers approach to teaching can best be described as,0,1,1,8,10,,FY BCOM (BANKING & INSURANCE),BACHELOR OF COMMERCE (BANKING AND INSURANCE),Positive,4.35
5,20,33,Fairness of the internal evaluation process by the teachers.,0,0,1,9,10,,FY BCOM (BANKING & INSURANCE),BACHELOR OF COMMERCE (BANKING AND INSURANCE),Neutral,4.45
6,20,33,Was your performance in assignments discussed with you?,0,2,0,4,14,,FY BCOM (BANKING & INSURANCE),BACHELOR OF COMMERCE (BANKING AND INSURANCE),Neutral,4.5
7,20,33,"The institute takes an active interest in promoting internships, student exchange, field visit opportunities for students.",0,1,3,1,15,,FY BCOM (BANKING & INSURANCE),BACHELOR OF COMMERCE (BANKING AND INSURANCE),Negative,4.5
8,20,33,"The teaching and mentoring process in your institution facilitates you in cognitive, social and
emotional growth.",0,1,0,10,9,,FY BCOM (BANKING & INSURANCE),BACHELOR OF COMMERCE (BANKING AND INSURANCE),Positive,4.35
9,20,33,The institution provides multiple opportunities to learn and grow.,0,1,3,11,5,,FY BCOM (BANKING & INSURANCE),BACHELOR OF COMMERCE (BANKING AND INSURANCE),Neutral,4.0
10,20,33,"Teachers inform you about your expected competencies, course outcomes and program
outcomes.",1,0,2,2,15,,FY BCOM (BANKING & INSURANCE),BACHELOR OF COMMERCE (BANKING AND INSURANCE),Negative,4.5
11,20,33,Your mentor does a necessary follow-up with an assigned task to you.,2,2,0,4,12,,FY BCOM (BANKING & INSURANCE),BACHELOR OF COMMERCE (BANKING AND INSURANCE),Neutral,4.1
12,20,33,The teachers illustrate the concepts through examples and applications.,2,2,1,2,13,,FY BCOM (BANKING & INSURANCE),BACHELOR OF COMMERCE (BANKING AND INSURANCE),Neutral,4.1
13,20,33,The teachers identify your strengths and encourage you to provide the proper level of challenges.,1,0,1,6,12,,FY BCOM (BANKING & INSURANCE),BACHELOR OF COMMERCE (BANKING AND INSURANCE),Neutral,4.4
14,20,33,Teachers are able to identify your weaknesses and help you to overcome them.,1,1,0,6,12,,FY BCOM (BANKING & INSURANCE),BACHELOR OF COMMERCE (BANKING AND INSURANCE),Positive,4.35
15,20,33,"The institution makes effort to engage students in the monitoring, review and continuous quality improvement of the teaching-learning process.",1,0,2,6,11,,FY BCOM (BANKING & INSURANCE),BACHELOR OF COMMERCE (BANKING AND INSURANCE),Neutral,4.3
16,20,33,"The institute/ teachers use student-centric methods, such as experiential learning, participative learning and problem-solving methodologies for enhancing learning experiences.",1,1,2,3,13,,FY BCOM (BANKING & INSURANCE),BACHELOR OF COMMERCE (BANKING AND INSURANCE),Neutral,4.3
17,20,33,Teachers encourage you to participate in extracurricular activities.,1,0,1,8,10,,FY BCOM (BANKING & INSURANCE),BACHELOR OF COMMERCE (BANKING AND INSURANCE),Neutral,4.3
18,20,33,"Efforts are made by the institute/ teachers to inculcate soft skills, life skills and employability skills to make you ready for the world of work.",1,1,1,4,13,,FY BCOM (BANKING & INSURANCE),BACHELOR OF COMMERCE (BANKING AND INSURANCE),Positive,4.35
19,20,33,"What percentage of teachers use ICT tools such as LCD projectors, Multimedia, etc. while teaching?",0,0,2,8,10,,FY BCOM (BANKING & INSURANCE),BACHELOR OF COMMERCE (BANKING AND INSURANCE),Neutral,4.4
20,20,33,The overall quality of the teaching-learning process in your institute is very good.,0,0,0,10,10,,FY BCOM (BANKING & INSURANCE),BACHELOR OF COMMERCE (BANKING AND INSURANCE),Positive,4.5
1,26,122,How much of the syllabus was covered in the class?,1,1,8,6,10,,FYBMS,BACHELOR OF MANAGEMENT STUDIES,Positive,3.8846153846153846
2,26,122,How well did the teachers prepare for the classes?,1,0,6,13,6,,FYBMS,BACHELOR OF MANAGEMENT STUDIES,Neutral,3.8846153846153846
3,26,122,How well were the teachers able to communicate?,0,3,3,8,12,,FYBMS,BACHELOR OF MANAGEMENT STUDIES,Positive,4.115384615384615
4,26,122,The teachers approach to teaching can best be described as,1,2,3,10,10,,FYBMS,BACHELOR OF MANAGEMENT STUDIES,Positive,4.0
5,26,122,Fairness of the internal evaluation process by the teachers.,1,2,3,8,12,,FYBMS,BACHELOR OF MANAGEMENT STUDIES,Neutral,4.076923076923077
6,26,122,Was your performance in assignments discussed with you?,2,1,6,7,10,,FYBMS,BACHELOR OF MANAGEMENT STUDIES,Neutral,3.8461538461538463
7,26,122,"The institute takes an active interest in promoting internships, student exchange, field visit opportunities for students.",3,0,2,10,11,,FYBMS,BACHELOR OF MANAGEMENT STUDIES,Negative,4.0
8,26,122,"The teaching and mentoring process in your institution facilitates you in cognitive, social and
emotional growth.",0,3,2,10,11,,FYBMS,BACHELOR OF MANAGEMENT STUDIES,Positive,4.115384615384615
9,26,122,The institution provides multiple opportunities to learn and grow.,1,1,1,13,10,,FYBMS,BACHELOR OF MANAGEMENT STUDIES,Neutral,4.153846153846154
10,26,122,"Teachers inform you about your expected competencies, course outcomes and program
outcomes.",0,3,2,9,12,,FYBMS,BACHELOR OF MANAGEMENT STUDIES,Negative,4.153846153846154
11,26,122,Your mentor does a necessary follow-up with an assigned task to you.,2,1,5,5,13,,FYBMS,BACHELOR OF MANAGEMENT STUDIES,Neutral,4.0
12,26,122,The teachers illustrate the concepts through examples and applications.,2,1,3,7,13,,FYBMS,BACHELOR OF MANAGEMENT STUDIES,Neutral,4.076923076923077
13,26,122,The teachers identify your strengths and encourage you to provide the proper level of challenges.,0,2,4,4,16,,FYBMS,BACHELOR OF MANAGEMENT STUDIES,Neutral,4.3076923076923075
14,26,122,Teachers are able to identify your weaknesses and help you to overcome them.,0,2,3,6,15,,FYBMS,BACHELOR OF MANAGEMENT STUDIES,Positive,4.3076923076923075
15,26,122,"The institution makes effort to engage students in the monitoring, review and continuous quality improvement of the teaching-learning process.",0,1,4,7,14,,FYBMS,BACHELOR OF MANAGEMENT STUDIES,Neutral,4.3076923076923075
16,26,122,"The institute/ teachers use student-centric methods, such as experiential learning, participative learning and problem-solving methodologies for enhancing learning experiences.",1,3,6,3,13,,FYBMS,BACHELOR OF MANAGEMENT STUDIES,Neutral,3.923076923076923
17,26,122,Teachers encourage you to participate in extracurricular activities.,0,2,5,5,14,,FYBMS,BACHELOR OF MANAGEMENT STUDIES,Neutral,4.1923076923076925
18,26,122,"Efforts are made by the institute/ teachers to inculcate soft skills, life skills and employability skills to make you ready for the world of work.",3,0,2,7,14,,FYBMS,BACHELOR OF MANAGEMENT STUDIES,Positive,4.115384615384615
19,26,122,"What percentage of teachers use ICT tools such as LCD projectors, Multimedia, etc. while teaching?",3,1,5,10,7,,FYBMS,BACHELOR OF MANAGEMENT STUDIES,Neutral,3.6538461538461537
20,26,122,The overall quality of the teaching-learning process in your institute is very good.,0,2,2,9,13,,FYBMS,BACHELOR OF MANAGEMENT STUDIES,Positive,4.269230769230769
1,12,175,How much of the syllabus was covered in the class?,0,1,3,4,4,,FYBSC,BACHELOR OF SCIENCE,Positive,3.9166666666666665
2,12,175,How well did the teachers prepare for the classes?,0,0,0,9,3,,FYBSC,BACHELOR OF SCIENCE,Neutral,4.25
3,12,175,How well were the teachers able to communicate?,0,0,0,4,8,,FYBSC,BACHELOR OF SCIENCE,Positive,4.666666666666667
4,12,175,The teachers approach to teaching can best be described as,0,1,4,6,1,,FYBSC,BACHELOR OF SCIENCE,Positive,3.5833333333333335
5,12,175,Fairness of the internal evaluation process by the teachers.,0,2,1,1,8,,FYBSC,BACHELOR OF SCIENCE,Neutral,4.25
6,12,175,Was your performance in assignments discussed with you?,0,2,3,4,3,,FYBSC,BACHELOR OF SCIENCE,Neutral,3.6666666666666665
7,12,175,"The institute takes an active interest in promoting internships, student exchange, field visit opportunities for students.",0,1,5,1,5,,FYBSC,BACHELOR OF SCIENCE,Negative,3.8333333333333335
8,12,175,"The teaching and mentoring process in your institution facilitates you in cognitive, social and
emotional growth.",1,1,2,6,2,,FYBSC,BACHELOR OF SCIENCE,Positive,3.5833333333333335
9,12,175,The institution provides multiple opportunities to learn and grow.,0,1,3,5,3,,FYBSC,BACHELOR OF SCIENCE,Neutral,3.8333333333333335
10,12,175,"Teachers inform you about your expected competencies, course outcomes and program
outcomes.",0,1,1,4,6,,FYBSC,BACHELOR OF SCIENCE,Negative,4.25
11,12,175,Your mentor does a necessary follow-up with an assigned task to you.,0,5,1,3,3,,FYBSC,BACHELOR OF SCIENCE,Neutral,3.3333333333333335
12,12,175,The teachers illustrate the concepts through examples and applications.,0,3,1,3,5,,FYBSC,BACHELOR OF SCIENCE,Neutral,3.8333333333333335
13,12,175,The teachers identify your strengths and encourage you to provide the proper level of challenges.,1,2,2,4,3,,FYBSC,BACHELOR OF SCIENCE,Neutral,3.5
14,12,175,Teachers are able to identify your weaknesses and help you to overcome them.,0,2,2,6,2,,FYBSC,BACHELOR OF SCIENCE,Positive,3.6666666666666665
15,12,175,"The institution makes effort to engage students in the monitoring, review and continuous quality improvement of the teaching-learning process.",1,1,1,7,2,,FYBSC,BACHELOR OF SCIENCE,Neutral,3.6666666666666665
16,12,175,"The institute/ teachers use student-centric methods, such as experiential learning, participative learning and problem-solving methodologies for enhancing learning experiences.",0,0,3,7,2,,FYBSC,BACHELOR OF SCIENCE,Neutral,3.9166666666666665
17,12,175,Teachers encourage you to participate in extracurricular activities.,0,0,2,6,4,,FYBSC,BACHELOR OF SCIENCE,Neutral,4.166666666666667
18,12,175,"Efforts are made by the institute/ teachers to inculcate soft skills, life skills and employability skills to make you ready for the world of work.",0,1,2,4,5,,FYBSC,BACHELOR OF SCIENCE,Positive,4.083333333333333
19,12,175,"What percentage of teachers use ICT tools such as LCD projectors, Multimedia, etc. while teaching?",6,1,1,3,1,,FYBSC,BACHELOR OF SCIENCE,Neutral,2.3333333333333335
20,12,175,The overall quality of the teaching-learning process in your institute is very good.,0,1,3,4,4,,FYBSC,BACHELOR OF SCIENCE,Positive,3.9166666666666665
1,5,15,How much of the syllabus was covered in the class?,0,0,2,3,0,,MA PSYCHOLOGY - 1,MA PSYCHOLOGY,Positive,3.6
2,5,15,How well did the teachers prepare for the classes?,0,0,0,5,0,,MA PSYCHOLOGY - 1,MA PSYCHOLOGY,Neutral,4.0
3,5,15,How well were the teachers able to communicate?,0,0,1,4,0,,MA PSYCHOLOGY - 1,MA PSYCHOLOGY,Positive,3.8
4,5,15,The teachers approach to teaching can best be described as,0,0,2,3,0,,MA PSYCHOLOGY - 1,MA PSYCHOLOGY,Positive,3.6
5,5,15,Fairness of the internal evaluation process by the teachers.,0,0,0,3,2,,MA PSYCHOLOGY - 1,MA PSYCHOLOGY,Neutral,4.4
6,5,15,Was your performance in assignments discussed with you?,0,0,2,0,3,,MA PSYCHOLOGY - 1,MA PSYCHOLOGY,Neutral,4.2
7,5,15,"The institute takes an active interest in promoting internships, student exchange, field visit opportunities for students.",0,0,3,1,1,,MA PSYCHOLOGY - 1,MA PSYCHOLOGY,Negative,3.6
8,5,15,"The teaching and mentoring process in your institution facilitates you in cognitive, social and
emotional growth.",0,0,3,1,1,,MA PSYCHOLOGY - 1,MA PSYCHOLOGY,Positive,3.6
9,5,15,The institution provides multiple opportunities to learn and grow.,0,0,4,1,0,,MA PSYCHOLOGY - 1,MA PSYCHOLOGY,Neutral,3.2
10,5,15,"Teachers inform you about your expected competencies, course outcomes and program
outcomes.",0,0,0,3,2,,MA PSYCHOLOGY - 1,MA PSYCHOLOGY,Negative,4.4
11,5,15,Your mentor does a necessary follow-up with an assigned task to you.,0,0,2,1,2,,MA PSYCHOLOGY - 1,MA PSYCHOLOGY,Neutral,4.0
12,5,15,The teachers illustrate the concepts through examples and applications.,0,0,1,2,2,,MA PSYCHOLOGY - 1,MA PSYCHOLOGY,Neutral,4.2
13,5,15,The teachers identify your strengths and encourage you to provide the proper level of challenges.,0,1,0,4,0,,MA PSYCHOLOGY - 1,MA PSYCHOLOGY,Neutral,3.6
14,5,15,Teachers are able to identify your weaknesses and help you to overcome them.,0,1,1,3,0,,MA PSYCHOLOGY - 1,MA PSYCHOLOGY,Positive,3.4
15,5,15,"The institution makes effort to engage students in the monitoring, review and continuous quality improvement of the teaching-learning process.",0,0,3,2,0,,MA PSYCHOLOGY - 1,MA PSYCHOLOGY,Neutral,3.4
16,5,15,"The institute/ teachers use student-centric methods, such as experiential learning, participative learning and problem-solving methodologies for enhancing learning experiences.",0,0,1,4,0,,MA PSYCHOLOGY - 1,MA PSYCHOLOGY,Neutral,3.8
17,5,15,Teachers encourage you to participate in extracurricular activities.,0,0,0,5,0,,MA PSYCHOLOGY - 1,MA PSYCHOLOGY,Neutral,4.0
18,5,15,"Efforts are made by the institute/ teachers to inculcate soft skills, life skills and employability skills to make you ready for the world of work.",0,0,3,2,0,,MA PSYCHOLOGY - 1,MA PSYCHOLOGY,Positive,3.4
19,5,15,"What percentage of teachers use ICT tools such as LCD projectors, Multimedia, etc. while teaching?",0,1,3,1,0,,MA PSYCHOLOGY - 1,MA PSYCHOLOGY,Neutral,3.0
20,5,15,The overall quality of the teaching-learning process in your institute is very good.,0,0,3,2,0,,MA PSYCHOLOGY - 1,MA PSYCHOLOGY,Positive,3.4
1,7,20,How much of the syllabus was covered in the class?,0,3,1,2,1,,MA PSYCHOLOGY - 3,MA PSYCHOLOGY,Positive,3.142857142857143
2,7,20,How well did the teachers prepare for the classes?,0,2,2,2,1,,MA PSYCHOLOGY - 3,MA PSYCHOLOGY,Neutral,3.2857142857142856
3,7,20,How well were the teachers able to communicate?,0,1,3,1,2,,MA PSYCHOLOGY - 3,MA PSYCHOLOGY,Positive,3.5714285714285716
4,7,20,The teachers approach to teaching can best be described as,0,2,3,1,1,,MA PSYCHOLOGY - 3,MA PSYCHOLOGY,Positive,3.142857142857143
5,7,20,Fairness of the internal evaluation process by the teachers.,0,0,0,4,3,,MA PSYCHOLOGY - 3,MA PSYCHOLOGY,Neutral,4.428571428571429
6,7,20,Was your performance in assignments discussed with you?,1,0,4,0,2,,MA PSYCHOLOGY - 3,MA PSYCHOLOGY,Neutral,3.2857142857142856
7,7,20,"The institute takes an active interest in promoting internships, student exchange, field visit opportunities for students.",0,1,2,1,3,,MA PSYCHOLOGY - 3,MA PSYCHOLOGY,Negative,3.857142857142857
8,7,20,"The teaching and mentoring process in your institution facilitates you in cognitive, social and
emotional growth.",1,1,2,0,3,,MA PSYCHOLOGY - 3,MA PSYCHOLOGY,Positive,3.4285714285714284
9,7,20,The institution provides multiple opportunities to learn and grow.,0,0,4,1,2,,MA PSYCHOLOGY - 3,MA PSYCHOLOGY,Neutral,3.7142857142857144
10,7,20,"Teachers inform you about your expected competencies, course outcomes and program
outcomes.",1,0,2,3,1,,MA PSYCHOLOGY - 3,MA PSYCHOLOGY,Negative,3.4285714285714284
11,7,20,Your mentor does a necessary follow-up with an assigned task to you.,0,1,2,1,3,,MA PSYCHOLOGY - 3,MA PSYCHOLOGY,Neutral,3.857142857142857
12,7,20,The teachers illustrate the concepts through examples and applications.,0,0,2,2,3,,MA PSYCHOLOGY - 3,MA PSYCHOLOGY,Neutral,4.142857142857143
13,7,20,The teachers identify your strengths and encourage you to provide the proper level of challenges.,2,1,2,0,2,,MA PSYCHOLOGY - 3,MA PSYCHOLOGY,Neutral,2.857142857142857
14,7,20,Teachers are able to identify your weaknesses and help you to overcome them.,1,4,1,0,1,,MA PSYCHOLOGY - 3,MA PSYCHOLOGY,Positive,2.4285714285714284
15,7,20,"The institution makes effort to engage students in the monitoring, review and continuous quality improvement of the teaching-learning process.",0,0,3,3,1,,MA PSYCHOLOGY - 3,MA PSYCHOLOGY,Neutral,3.7142857142857144
16,7,20,"The institute/ teachers use student-centric methods, such as experiential learning, participative learning and problem-solving methodologies for enhancing learning experiences.",0,1,2,2,2,,MA PSYCHOLOGY - 3,MA PSYCHOLOGY,Neutral,3.7142857142857144
17,7,20,Teachers encourage you to participate in extracurricular activities.,0,0,4,2,1,,MA PSYCHOLOGY - 3,MA PSYCHOLOGY,Neutral,3.5714285714285716
18,7,20,"Efforts are made by the institute/ teachers to inculcate soft skills, life skills and employability skills to make you ready for the world of work.",0,1,2,3,1,,MA PSYCHOLOGY - 3,MA PSYCHOLOGY,Positive,3.5714285714285716
19,7,20,"What percentage of teachers use ICT tools such as LCD projectors, Multimedia, etc. while teaching?",3,0,2,1,1,,MA PSYCHOLOGY - 3,MA PSYCHOLOGY,Neutral,2.5714285714285716
20,7,20,The overall quality of the teaching-learning process in your institute is very good.,0,0,3,3,1,,MA PSYCHOLOGY - 3,MA PSYCHOLOGY,Positive,3.7142857142857144
1,4,24,How much of the syllabus was covered in the class?,0,0,1,1,2,,M.SC PART - 1 COMPUTER SCIENCE,MSC COMPUTER SCIENCE,Positive,4.25
2,4,24,How well did the teachers prepare for the classes?,0,0,1,3,0,,M.SC PART - 1 COMPUTER SCIENCE,MSC COMPUTER SCIENCE,Neutral,3.75
3,4,24,How well were the teachers able to communicate?,0,0,1,3,0,,M.SC PART - 1 COMPUTER SCIENCE,MSC COMPUTER SCIENCE,Positive,3.75
4,4,24,The teachers approach to teaching can best be described as,0,2,0,2,0,,M.SC PART - 1 COMPUTER SCIENCE,MSC COMPUTER SCIENCE,Positive,3.0
5,4,24,Fairness of the internal evaluation process by the teachers.,0,0,1,3,0,,M.SC PART - 1 COMPUTER SCIENCE,MSC COMPUTER SCIENCE,Neutral,3.75
6,4,24,Was your performance in assignments discussed with you?,0,0,1,2,1,,M.SC PART - 1 COMPUTER SCIENCE,MSC COMPUTER SCIENCE,Neutral,4.0
7,4,24,"The institute takes an active interest in promoting internships, student exchange, field visit opportunities for students.",1,2,0,0,1,,M.SC PART - 1 COMPUTER SCIENCE,MSC COMPUTER SCIENCE,Negative,2.5
8,4,24,"The teaching and mentoring process in your institution facilitates you in cognitive, social and
emotional growth.",1,1,0,2,0,,M.SC PART - 1 COMPUTER SCIENCE,MSC COMPUTER SCIENCE,Positive,2.75
9,4,24,The institution provides multiple opportunities to learn and grow.,0,0,2,2,0,,M.SC PART - 1 COMPUTER SCIENCE,MSC COMPUTER SCIENCE,Neutral,3.5
10,4,24,"Teachers inform you about your expected competencies, course outcomes and program
outcomes.",0,1,2,1,0,,M.SC PART - 1 COMPUTER SCIENCE,MSC COMPUTER SCIENCE,Negative,3.0
11,4,24,Your mentor does a necessary follow-up with an assigned task to you.,1,1,1,0,1,,M.SC PART - 1 COMPUTER SCIENCE,MSC COMPUTER SCIENCE,Neutral,2.75
12,4,24,The teachers illustrate the concepts through examples and applications.,0,0,1,2,1,,M.SC PART - 1 COMPUTER SCIENCE,MSC COMPUTER SCIENCE,Neutral,4.0
13,4,24,The teachers identify your strengths and encourage you to provide the proper level of challenges.,1,2,0,0,1,,M.SC PART - 1 COMPUTER SCIENCE,MSC COMPUTER SCIENCE,Neutral,2.5
14,4,24,Teachers are able to identify your weaknesses and help you to overcome them.,0,1,2,0,1,,M.SC PART - 1 COMPUTER SCIENCE,MSC COMPUTER SCIENCE,Positive,3.25
15,4,24,"The institution makes effort to engage students in the monitoring, review and continuous quality improvement of the teaching-learning process.",0,1,2,0,1,,M.SC PART - 1 COMPUTER SCIENCE,MSC COMPUTER SCIENCE,Neutral,3.25
16,4,24,"The institute/ teachers use student-centric methods, such as experiential learning, participative learning and problem-solving methodologies for enhancing learning experiences.",0,0,2,1,1,,M.SC PART - 1 COMPUTER SCIENCE,MSC COMPUTER SCIENCE,Neutral,3.75
17,4,24,Teachers encourage you to participate in extracurricular activities.,0,0,1,2,1,,M.SC PART - 1 COMPUTER SCIENCE,MSC COMPUTER SCIENCE,Neutral,4.0
18,4,24,"Efforts are made by the institute/ teachers to inculcate soft skills, life skills and employability skills to make you ready for the world of work.",0,0,1,3,0,,M.SC PART - 1 COMPUTER SCIENCE,MSC COMPUTER SCIENCE,Positive,3.75
19,4,24,"What percentage of teachers use ICT tools such as LCD projectors, Multimedia, etc. while teaching?",0,0,1,0,3,,M.SC PART - 1 COMPUTER SCIENCE,MSC COMPUTER SCIENCE,Neutral,4.5
20,4,24,The overall quality of the teaching-learning process in your institute is very good.,0,0,3,1,0,,M.SC PART - 1 COMPUTER SCIENCE,MSC COMPUTER SCIENCE,Positive,3.25
1,2,42,How much of the syllabus was covered in the class?,0,0,0,0,2,,MSC ANALYTICAL CHEMISTRY SEM I,MSC ANALYTICAL CHEMISTRY,Positive,5.0
2,2,42,How well did the teachers prepare for the classes?,0,0,0,0,2,,MSC ANALYTICAL CHEMISTRY SEM I,MSC ANALYTICAL CHEMISTRY,Neutral,5.0
3,2,42,How well were the teachers able to communicate?,0,0,0,0,2,,MSC ANALYTICAL CHEMISTRY SEM I,MSC ANALYTICAL CHEMISTRY,Positive,5.0
4,2,42,The teachers approach to teaching can best be described as,0,0,1,0,1,,MSC ANALYTICAL CHEMISTRY SEM I,MSC ANALYTICAL CHEMISTRY,Positive,4.0
5,2,42,Fairness of the internal evaluation process by the teachers.,0,0,0,1,1,,MSC ANALYTICAL CHEMISTRY SEM I,MSC ANALYTICAL CHEMISTRY,Neutral,4.5
6,2,42,Was your performance in assignments discussed with you?,0,0,0,1,1,,MSC ANALYTICAL CHEMISTRY SEM I,MSC ANALYTICAL CHEMISTRY,Neutral,4.5
7,2,42,"The institute takes an active interest in promoting internships, student exchange, field visit opportunities for students.",0,0,1,0,1,,MSC ANALYTICAL CHEMISTRY SEM I,MSC ANALYTICAL CHEMISTRY,Negative,4.0
8,2,42,"The teaching and mentoring process in your institution facilitates you in cognitive, social and
emotional growth.",0,0,0,1,1,,MSC ANALYTICAL CHEMISTRY SEM I,MSC ANALYTICAL CHEMISTRY,Positive,4.5
9,2,42,The institution provides multiple opportunities to learn and grow.,0,0,1,1,0,,MSC ANALYTICAL CHEMISTRY SEM I,MSC ANALYTICAL CHEMISTRY,Neutral,3.5
10,2,42,"Teachers inform you about your expected competencies, course outcomes and program
outcomes.",0,0,0,1,1,,MSC ANALYTICAL CHEMISTRY SEM I,MSC ANALYTICAL CHEMISTRY,Negative,4.5
11,2,42,Your mentor does a necessary follow-up with an assigned task to you.,0,0,0,0,2,,MSC ANALYTICAL CHEMISTRY SEM I,MSC ANALYTICAL CHEMISTRY,Neutral,5.0
12,2,42,The teachers illustrate the concepts through examples and applications.,0,0,0,0,2,,MSC ANALYTICAL CHEMISTRY SEM I,MSC ANALYTICAL CHEMISTRY,Neutral,5.0
13,2,42,The teachers identify your strengths and encourage you to provide the proper level of challenges.,0,0,0,0,2,,MSC ANALYTICAL CHEMISTRY SEM I,MSC ANALYTICAL CHEMISTRY,Neutral,5.0
14,2,42,Teachers are able to identify your weaknesses and help you to overcome them.,0,0,1,0,1,,MSC ANALYTICAL CHEMISTRY SEM I,MSC ANALYTICAL CHEMISTRY,Positive,4.0
15,2,42,"The institution makes effort to engage students in the monitoring, review and continuous quality improvement of the teaching-learning process.",0,0,0,1,1,,MSC ANALYTICAL CHEMISTRY SEM I,MSC ANALYTICAL CHEMISTRY,Neutral,4.5
16,2,42,"The institute/ teachers use student-centric methods, such as experiential learning, participative learning and problem-solving methodologies for enhancing learning experiences.",0,0,0,0,2,,MSC ANALYTICAL CHEMISTRY SEM I,MSC ANALYTICAL CHEMISTRY,Neutral,5.0
17,2,42,Teachers encourage you to participate in extracurricular activities.,0,0,0,1,1,,MSC ANALYTICAL CHEMISTRY SEM I,MSC ANALYTICAL CHEMISTRY,Neutral,4.5
18,2,42,"Efforts are made by the institute/ teachers to inculcate soft skills, life skills and employability skills to make you ready for the world of work.",0,0,0,0,2,,MSC ANALYTICAL CHEMISTRY SEM I,MSC ANALYTICAL CHEMISTRY,Positive,5.0
19,2,42,"What percentage of teachers use ICT tools such as LCD projectors, Multimedia, etc. while teaching?",0,0,1,1,0,,MSC ANALYTICAL CHEMISTRY SEM I,MSC ANALYTICAL CHEMISTRY,Neutral,3.5
20,2,42,The overall quality of the teaching-learning process in your institute is very good.,0,0,0,1,1,,MSC ANALYTICAL CHEMISTRY SEM I,MSC ANALYTICAL CHEMISTRY,Positive,4.5
1,3,20,How much of the syllabus was covered in the class?,0,1,1,1,0,,MSC DATA SCIENCE - 1,MSC DATA SCIENCE,Positive,3.0
2,3,20,How well did the teachers prepare for the classes?,0,0,1,2,0,,MSC DATA SCIENCE - 1,MSC DATA SCIENCE,Neutral,3.6666666666666665
3,3,20,How well were the teachers able to communicate?,0,1,0,2,0,,MSC DATA SCIENCE - 1,MSC DATA SCIENCE,Positive,3.3333333333333335
4,3,20,The teachers approach to teaching can best be described as,0,1,1,1,0,,MSC DATA SCIENCE - 1,MSC DATA SCIENCE,Positive,3.0
5,3,20,Fairness of the internal evaluation process by the teachers.,0,0,1,2,0,,MSC DATA SCIENCE - 1,MSC DATA SCIENCE,Neutral,3.6666666666666665
6,3,20,Was your performance in assignments discussed with you?,0,1,2,0,0,,MSC DATA SCIENCE - 1,MSC DATA SCIENCE,Neutral,2.6666666666666665
7,3,20,"The institute takes an active interest in promoting internships, student exchange, field visit opportunities for students.",0,1,2,0,0,,MSC DATA SCIENCE - 1,MSC DATA SCIENCE,Negative,2.6666666666666665
8,3,20,"The teaching and mentoring process in your institution facilitates you in cognitive, social and
emotional growth.",2,1,0,0,0,,MSC DATA SCIENCE - 1,MSC DATA SCIENCE,Positive,1.3333333333333333
9,3,20,The institution provides multiple opportunities to learn and grow.,0,1,2,0,0,,MSC DATA SCIENCE - 1,MSC DATA SCIENCE,Neutral,2.6666666666666665
10,3,20,"Teachers inform you about your expected competencies, course outcomes and program
outcomes.",0,1,0,2,0,,MSC DATA SCIENCE - 1,MSC DATA SCIENCE,Negative,3.3333333333333335
11,3,20,Your mentor does a necessary follow-up with an assigned task to you.,1,0,2,0,0,,MSC DATA SCIENCE - 1,MSC DATA SCIENCE,Neutral,2.3333333333333335
12,3,20,The teachers illustrate the concepts through examples and applications.,1,2,0,0,0,,MSC DATA SCIENCE - 1,MSC DATA SCIENCE,Neutral,1.6666666666666667
13,3,20,The teachers identify your strengths and encourage you to provide the proper level of challenges.,2,1,0,0,0,,MSC DATA SCIENCE - 1,MSC DATA SCIENCE,Neutral,1.3333333333333333
14,3,20,Teachers are able to identify your weaknesses and help you to overcome them.,0,1,2,0,0,,MSC DATA SCIENCE - 1,MSC DATA SCIENCE,Positive,2.6666666666666665
15,3,20,"The institution makes effort to engage students in the monitoring, review and continuous quality improvement of the teaching-learning process.",0,2,0,1,0,,MSC DATA SCIENCE - 1,MSC DATA SCIENCE,Neutral,2.6666666666666665
16,3,20,"The institute/ teachers use student-centric methods, such as experiential learning, participative learning and problem-solving methodologies for enhancing learning experiences.",0,2,0,1,0,,MSC DATA SCIENCE - 1,MSC DATA SCIENCE,Neutral,2.6666666666666665
17,3,20,Teachers encourage you to participate in extracurricular activities.,0,0,3,0,0,,MSC DATA SCIENCE - 1,MSC DATA SCIENCE,Neutral,3.0
18,3,20,"Efforts are made by the institute/ teachers to inculcate soft skills, life skills and employability skills to make you ready for the world of work.",0,1,1,1,0,,MSC DATA SCIENCE - 1,MSC DATA SCIENCE,Positive,3.0
19,3,20,"What percentage of teachers use ICT tools such as LCD projectors, Multimedia, etc. while teaching?",0,0,1,2,0,,MSC DATA SCIENCE - 1,MSC DATA SCIENCE,Neutral,3.6666666666666665
20,3,20,The overall quality of the teaching-learning process in your institute is very good.,1,0,2,0,0,,MSC DATA SCIENCE - 1,MSC DATA SCIENCE,Positive,2.3333333333333335
1,1,21,How much of the syllabus was covered in the class?,0,0,0,0,1,,MSC INFORMATION TECHNOLOGY - 1,MSC INFORMATION TECHNOLOGY,Positive,5.0
2,1,21,How well did the teachers prepare for the classes?,0,0,0,1,0,,MSC INFORMATION TECHNOLOGY - 1,MSC INFORMATION TECHNOLOGY,Neutral,4.0
3,1,21,How well were the teachers able to communicate?,0,0,0,0,1,,MSC INFORMATION TECHNOLOGY - 1,MSC INFORMATION TECHNOLOGY,Positive,5.0
4,1,21,The teachers approach to teaching can best be described as,0,0,0,0,1,,MSC INFORMATION TECHNOLOGY - 1,MSC INFORMATION TECHNOLOGY,Positive,5.0
5,1,21,Fairness of the internal evaluation process by the teachers.,0,0,0,0,1,,MSC INFORMATION TECHNOLOGY - 1,MSC INFORMATION TECHNOLOGY,Neutral,5.0
6,1,21,Was your performance in assignments discussed with you?,0,0,0,0,1,,MSC INFORMATION TECHNOLOGY - 1,MSC INFORMATION TECHNOLOGY,Neutral,5.0
7,1,21,"The institute takes an active interest in promoting internships, student exchange, field visit opportunities for students.",0,0,0,0,1,,MSC INFORMATION TECHNOLOGY - 1,MSC INFORMATION TECHNOLOGY,Negative,5.0
8,1,21,"The teaching and mentoring process in your institution facilitates you in cognitive, social and
emotional growth.",0,0,0,1,0,,MSC INFORMATION TECHNOLOGY - 1,MSC INFORMATION TECHNOLOGY,Positive,4.0
9,1,21,The institution provides multiple opportunities to learn and grow.,0,0,0,0,1,,MSC INFORMATION TECHNOLOGY - 1,MSC INFORMATION TECHNOLOGY,Neutral,5.0
10,1,21,"Teachers inform you about your expected competencies, course outcomes and program
outcomes.",0,0,0,0,1,,MSC INFORMATION TECHNOLOGY - 1,MSC INFORMATION TECHNOLOGY,Negative,5.0
11,1,21,Your mentor does a necessary follow-up with an assigned task to you.,0,0,0,1,0,,MSC INFORMATION TECHNOLOGY - 1,MSC INFORMATION TECHNOLOGY,Neutral,4.0
12,1,21,The teachers illustrate the concepts through examples and applications.,0,0,0,0,1,,MSC INFORMATION TECHNOLOGY - 1,MSC INFORMATION TECHNOLOGY,Neutral,5.0
13,1,21,The teachers identify your strengths and encourage you to provide the proper level of challenges.,0,0,0,1,0,,MSC INFORMATION TECHNOLOGY - 1,MSC INFORMATION TECHNOLOGY,Neutral,4.0
14,1,21,Teachers are able to identify your weaknesses and help you to overcome them.,0,0,0,1,0,,MSC INFORMATION TECHNOLOGY - 1,MSC INFORMATION TECHNOLOGY,Positive,4.0
15,1,21,"The institution makes effort to engage students in the monitoring, review and continuous quality improvement of the teaching-learning process.",0,0,0,1,0,,MSC INFORMATION TECHNOLOGY - 1,MSC INFORMATION TECHNOLOGY,Neutral,4.0
16,1,21,"The institute/ teachers use student-centric methods, such as experiential learning, participative learning and problem-solving methodologies for enhancing learning experiences.",0,0,0,1,0,,MSC INFORMATION TECHNOLOGY - 1,MSC INFORMATION TECHNOLOGY,Neutral,4.0
17,1,21,Teachers encourage you to participate in extracurricular activities.,0,0,0,1,0,,MSC INFORMATION TECHNOLOGY - 1,MSC INFORMATION TECHNOLOGY,Neutral,4.0
18,1,21,"Efforts are made by the institute/ teachers to inculcate soft skills, life skills and employability skills to make you ready for the world of work.",0,0,0,0,1,,MSC INFORMATION TECHNOLOGY - 1,MSC INFORMATION TECHNOLOGY,Positive,5.0
19,1,21,"What percentage of teachers use ICT tools such as LCD projectors, Multimedia, etc. while teaching?",0,0,0,1,0,,MSC INFORMATION TECHNOLOGY - 1,MSC INFORMATION TECHNOLOGY,Neutral,4.0
20,1,21,The overall quality of the teaching-learning process in your institute is very good.,0,0,0,1,0,,MSC INFORMATION TECHNOLOGY - 1,MSC INFORMATION TECHNOLOGY,Positive,4.0
1,3,24,How much of the syllabus was covered in the class?,0,0,2,0,1,,MSC MICROBIOLOGY - 1,MSC MICROBIOLOGY,Positive,3.6666666666666665
2,3,24,How well did the teachers prepare for the classes?,0,0,1,2,0,,MSC MICROBIOLOGY - 1,MSC MICROBIOLOGY,Neutral,3.6666666666666665
3,3,24,How well were the teachers able to communicate?,0,0,0,2,1,,MSC MICROBIOLOGY - 1,MSC MICROBIOLOGY,Positive,4.333333333333333
4,3,24,The teachers approach to teaching can best be described as,1,0,1,0,1,,MSC MICROBIOLOGY - 1,MSC MICROBIOLOGY,Positive,3.0
5,3,24,Fairness of the internal evaluation process by the teachers.,0,1,0,1,1,,MSC MICROBIOLOGY - 1,MSC MICROBIOLOGY,Neutral,3.6666666666666665
6,3,24,Was your performance in assignments discussed with you?,0,1,1,0,1,,MSC MICROBIOLOGY - 1,MSC MICROBIOLOGY,Neutral,3.3333333333333335
7,3,24,"The institute takes an active interest in promoting internships, student exchange, field visit opportunities for students.",0,0,2,0,1,,MSC MICROBIOLOGY - 1,MSC MICROBIOLOGY,Negative,3.6666666666666665
8,3,24,"The teaching and mentoring process in your institution facilitates you in cognitive, social and
emotional growth.",1,0,0,2,0,,MSC MICROBIOLOGY - 1,MSC MICROBIOLOGY,Positive,3.0
9,3,24,The institution provides multiple opportunities to learn and grow.,1,0,1,0,1,,MSC MICROBIOLOGY - 1,MSC MICROBIOLOGY,Neutral,3.0
10,3,24,"Teachers inform you about your expected competencies, course outcomes and program
outcomes.",1,0,0,1,1,,MSC MICROBIOLOGY - 1,MSC MICROBIOLOGY,Negative,3.3333333333333335
11,3,24,Your mentor does a necessary follow-up with an assigned task to you.,1,0,0,2,0,,MSC MICROBIOLOGY - 1,MSC MICROBIOLOGY,Neutral,3.0
12,3,24,The teachers illustrate the concepts through examples and applications.,0,2,0,0,1,,MSC MICROBIOLOGY - 1,MSC MICROBIOLOGY,Neutral,3.0
13,3,24,The teachers identify your strengths and encourage you to provide the proper level of challenges.,1,0,1,0,1,,MSC MICROBIOLOGY - 1,MSC MICROBIOLOGY,Neutral,3.0
14,3,24,Teachers are able to identify your weaknesses and help you to overcome them.,0,1,0,1,1,,MSC MICROBIOLOGY - 1,MSC MICROBIOLOGY,Positive,3.6666666666666665
15,3,24,"The institution makes effort to engage students in the monitoring, review and continuous quality improvement of the teaching-learning process.",1,0,1,0,1,,MSC MICROBIOLOGY - 1,MSC MICROBIOLOGY,Neutral,3.0
16,3,24,"The institute/ teachers use student-centric methods, such as experiential learning, participative learning and problem-solving methodologies for enhancing learning experiences.",1,0,0,1,1,,MSC MICROBIOLOGY - 1,MSC MICROBIOLOGY,Neutral,3.3333333333333335
17,3,24,Teachers encourage you to participate in extracurricular activities.,1,0,1,0,1,,MSC MICROBIOLOGY - 1,MSC MICROBIOLOGY,Neutral,3.0
18,3,24,"Efforts are made by the institute/ teachers to inculcate soft skills, life skills and employability skills to make you ready for the world of work.",0,1,0,1,1,,MSC MICROBIOLOGY - 1,MSC MICROBIOLOGY,Positive,3.6666666666666665
19,3,24,"What percentage of teachers use ICT tools such as LCD projectors, Multimedia, etc. while teaching?",0,1,1,0,1,,MSC MICROBIOLOGY - 1,MSC MICROBIOLOGY,Neutral,3.3333333333333335
20,3,24,The overall quality of the teaching-learning process in your institute is very good.,0,0,1,1,1,,MSC MICROBIOLOGY - 1,MSC MICROBIOLOGY,Positive,4.0
1,14,44,How much of the syllabus was covered in the class?,0,1,3,7,3,,MSC ANALYTICAL CHEMISTRY SEM III,MSC ANALYTICAL CHEMISTRY,Positive,3.857142857142857
2,14,44,How well did the teachers prepare for the classes?,1,1,3,7,2,,MSC ANALYTICAL CHEMISTRY SEM III,MSC ANALYTICAL CHEMISTRY,Neutral,3.5714285714285716
3,14,44,How well were the teachers able to communicate?,1,3,2,5,3,,MSC ANALYTICAL CHEMISTRY SEM III,MSC ANALYTICAL CHEMISTRY,Positive,3.4285714285714284
4,14,44,The teachers approach to teaching can best be described as,1,4,4,3,2,,MSC ANALYTICAL CHEMISTRY SEM III,MSC ANALYTICAL CHEMISTRY,Positive,3.0714285714285716
5,14,44,Fairness of the internal evaluation process by the teachers.,0,0,4,5,5,,MSC ANALYTICAL CHEMISTRY SEM III,MSC ANALYTICAL CHEMISTRY,Neutral,4.071428571428571
6,14,44,Was your performance in assignments discussed with you?,1,2,4,4,3,,MSC ANALYTICAL CHEMISTRY SEM III,MSC ANALYTICAL CHEMISTRY,Neutral,3.4285714285714284
7,14,44,"The institute takes an active interest in promoting internships, student exchange, field visit opportunities for students.",1,3,4,2,4,,MSC ANALYTICAL CHEMISTRY SEM III,MSC ANALYTICAL CHEMISTRY,Negative,3.357142857142857
8,14,44,"The teaching and mentoring process in your institution facilitates you in cognitive, social and
emotional growth.",0,1,5,5,3,,MSC ANALYTICAL CHEMISTRY SEM III,MSC ANALYTICAL CHEMISTRY,Positive,3.7142857142857144
9,14,44,The institution provides multiple opportunities to learn and grow.,0,1,4,7,2,,MSC ANALYTICAL CHEMISTRY SEM III,MSC ANALYTICAL CHEMISTRY,Neutral,3.7142857142857144
10,14,44,"Teachers inform you about your expected competencies, course outcomes and program
outcomes.",0,3,3,4,4,,MSC ANALYTICAL CHEMISTRY SEM III,MSC ANALYTICAL CHEMISTRY,Negative,3.642857142857143
11,14,44,Your mentor does a necessary follow-up with an assigned task to you.,1,1,2,7,3,,MSC ANALYTICAL CHEMISTRY SEM III,MSC ANALYTICAL CHEMISTRY,Neutral,3.7142857142857144
12,14,44,The teachers illustrate the concepts through examples and applications.,1,3,1,4,5,,MSC ANALYTICAL CHEMISTRY SEM III,MSC ANALYTICAL CHEMISTRY,Neutral,3.642857142857143
13,14,44,The teachers identify your strengths and encourage you to provide the proper level of challenges.,2,4,3,1,4,,MSC ANALYTICAL CHEMISTRY SEM III,MSC ANALYTICAL CHEMISTRY,Neutral,3.0714285714285716
14,14,44,Teachers are able to identify your weaknesses and help you to overcome them.,2,3,1,5,3,,MSC ANALYTICAL CHEMISTRY SEM III,MSC ANALYTICAL CHEMISTRY,Positive,3.2857142857142856
15,14,44,"The institution makes effort to engage students in the monitoring, review and continuous quality improvement of the teaching-learning process.",0,2,3,5,4,,MSC ANALYTICAL CHEMISTRY SEM III,MSC ANALYTICAL CHEMISTRY,Neutral,3.7857142857142856
16,14,44,"The institute/ teachers use student-centric methods, such as experiential learning, participative learning and problem-solving methodologies for enhancing learning experiences.",1,2,1,5,5,,MSC ANALYTICAL CHEMISTRY SEM III,MSC ANALYTICAL CHEMISTRY,Neutral,3.7857142857142856
17,14,44,Teachers encourage you to participate in extracurricular activities.,0,3,4,4,3,,MSC ANALYTICAL CHEMISTRY SEM III,MSC ANALYTICAL CHEMISTRY,Neutral,3.5
18,14,44,"Efforts are made by the institute/ teachers to inculcate soft skills, life skills and employability skills to make you ready for the world of work.",0,2,5,3,4,,MSC ANALYTICAL CHEMISTRY SEM III,MSC ANALYTICAL CHEMISTRY,Positive,3.642857142857143
19,14,44,"What percentage of teachers use ICT tools such as LCD projectors, Multimedia, etc. while teaching?",0,4,5,3,2,,MSC ANALYTICAL CHEMISTRY SEM III,MSC ANALYTICAL CHEMISTRY,Neutral,3.2142857142857144
20,14,44,The overall quality of the teaching-learning process in your institute is very good.,1,2,4,5,2,,MSC ANALYTICAL CHEMISTRY SEM III,MSC ANALYTICAL CHEMISTRY,Positive,3.357142857142857
1,7,20,How much of the syllabus was covered in the class?,0,0,1,1,5,,M.SC PART - 2 COMPUTER SCIENCE,MSC COMPUTER SCIENCE,Positive,4.571428571428571
2,7,20,How well did the teachers prepare for the classes?,0,0,0,5,2,,M.SC PART - 2 COMPUTER SCIENCE,MSC COMPUTER SCIENCE,Neutral,4.285714285714286
3,7,20,How well were the teachers able to communicate?,0,0,0,2,5,,M.SC PART - 2 COMPUTER SCIENCE,MSC COMPUTER SCIENCE,Positive,4.714285714285714
4,7,20,The teachers approach to teaching can best be described as,0,0,1,3,3,,M.SC PART - 2 COMPUTER SCIENCE,MSC COMPUTER SCIENCE,Positive,4.285714285714286
5,7,20,Fairness of the internal evaluation process by the teachers.,0,0,0,1,6,,M.SC PART - 2 COMPUTER SCIENCE,MSC COMPUTER SCIENCE,Neutral,4.857142857142857
6,7,20,Was your performance in assignments discussed with you?,0,0,0,3,4,,M.SC PART - 2 COMPUTER SCIENCE,MSC COMPUTER SCIENCE,Neutral,4.571428571428571
7,7,20,"The institute takes an active interest in promoting internships, student exchange, field visit opportunities for students.",0,0,2,3,2,,M.SC PART - 2 COMPUTER SCIENCE,MSC COMPUTER SCIENCE,Negative,4.0
8,7,20,"The teaching and mentoring process in your institution facilitates you in cognitive, social and
emotional growth.",0,0,0,6,1,,M.SC PART - 2 COMPUTER SCIENCE,MSC COMPUTER SCIENCE,Positive,4.142857142857143
9,7,20,The institution provides multiple opportunities to learn and grow.,0,0,4,3,0,,M.SC PART - 2 COMPUTER SCIENCE,MSC COMPUTER SCIENCE,Neutral,3.4285714285714284
10,7,20,"Teachers inform you about your expected competencies, course outcomes and program
outcomes.",0,0,1,5,1,,M.SC PART - 2 COMPUTER SCIENCE,MSC COMPUTER SCIENCE,Negative,4.0
11,7,20,Your mentor does a necessary follow-up with an assigned task to you.,0,0,1,2,4,,M.SC PART - 2 COMPUTER SCIENCE,MSC COMPUTER SCIENCE,Neutral,4.428571428571429
12,7,20,The teachers illustrate the concepts through examples and applications.,0,0,1,1,5,,M.SC PART - 2 COMPUTER SCIENCE,MSC COMPUTER SCIENCE,Neutral,4.571428571428571
13,7,20,The teachers identify your strengths and encourage you to provide the proper level of challenges.,0,2,1,1,3,,M.SC PART - 2 COMPUTER SCIENCE,MSC COMPUTER SCIENCE,Neutral,3.7142857142857144
14,7,20,Teachers are able to identify your weaknesses and help you to overcome them.,0,0,2,3,2,,M.SC PART - 2 COMPUTER SCIENCE,MSC COMPUTER SCIENCE,Positive,4.0
15,7,20,"The institution makes effort to engage students in the monitoring, review and continuous quality improvement of the teaching-learning process.",0,0,1,3,3,,M.SC PART - 2 COMPUTER SCIENCE,MSC COMPUTER SCIENCE,Neutral,4.285714285714286
16,7,20,"The institute/ teachers use student-centric methods, such as experiential learning, participative learning and problem-solving methodologies for enhancing learning experiences.",0,0,0,4,3,,M.SC PART - 2 COMPUTER SCIENCE,MSC COMPUTER SCIENCE,Neutral,4.428571428571429
17,7,20,Teachers encourage you to participate in extracurricular activities.,1,1,0,3,2,,M.SC PART - 2 COMPUTER SCIENCE,MSC COMPUTER SCIENCE,Neutral,3.5714285714285716
18,7,20,"Efforts are made by the institute/ teachers to inculcate soft skills, life skills and employability skills to make you ready for the world of work.",0,0,0,6,1,,M.SC PART - 2 COMPUTER SCIENCE,MSC COMPUTER SCIENCE,Positive,4.142857142857143
19,7,20,"What percentage of teachers use ICT tools such as LCD projectors, Multimedia, etc. while teaching?",0,0,0,3,4,,M.SC PART - 2 COMPUTER SCIENCE,MSC COMPUTER SCIENCE,Neutral,4.571428571428571
20,7,20,The overall quality of the teaching-learning process in your institute is very good.,0,0,1,5,1,,M.SC PART - 2 COMPUTER SCIENCE,MSC COMPUTER SCIENCE,Positive,4.0
1,3,14,How much of the syllabus was covered in the class?,0,0,1,2,0,,MSC DATA SCIENCE - 3,MSC DATA SCIENCE,Positive,3.6666666666666665
2,3,14,How well did the teachers prepare for the classes?,0,0,1,2,0,,MSC DATA SCIENCE - 3,MSC DATA SCIENCE,Neutral,3.6666666666666665
3,3,14,How well were the teachers able to communicate?,0,0,3,0,0,,MSC DATA SCIENCE - 3,MSC DATA SCIENCE,Positive,3.0
4,3,14,The teachers approach to teaching can best be described as,0,1,2,0,0,,MSC DATA SCIENCE - 3,MSC DATA SCIENCE,Positive,2.6666666666666665
5,3,14,Fairness of the internal evaluation process by the teachers.,0,0,0,3,0,,MSC DATA SCIENCE - 3,MSC DATA SCIENCE,Neutral,4.0
6,3,14,Was your performance in assignments discussed with you?,0,0,0,3,0,,MSC DATA SCIENCE - 3,MSC DATA SCIENCE,Neutral,4.0
7,3,14,"The institute takes an active interest in promoting internships, student exchange, field visit opportunities for students.",1,1,1,0,0,,MSC DATA SCIENCE - 3,MSC DATA SCIENCE,Negative,2.0
8,3,14,"The teaching and mentoring process in your institution facilitates you in cognitive, social and
emotional growth.",0,0,2,1,0,,MSC DATA SCIENCE - 3,MSC DATA SCIENCE,Positive,3.3333333333333335
9,3,14,The institution provides multiple opportunities to learn and grow.,0,0,2,1,0,,MSC DATA SCIENCE - 3,MSC DATA SCIENCE,Neutral,3.3333333333333335
10,3,14,"Teachers inform you about your expected competencies, course outcomes and program
outcomes.",0,0,0,3,0,,MSC DATA SCIENCE - 3,MSC DATA SCIENCE,Negative,4.0
11,3,14,Your mentor does a necessary follow-up with an assigned task to you.,0,0,1,2,0,,MSC DATA SCIENCE - 3,MSC DATA SCIENCE,Neutral,3.6666666666666665
12,3,14,The teachers illustrate the concepts through examples and applications.,0,0,1,2,0,,MSC DATA SCIENCE - 3,MSC DATA SCIENCE,Neutral,3.6666666666666665
13,3,14,The teachers identify your strengths and encourage you to provide the proper level of challenges.,0,3,0,0,0,,MSC DATA SCIENCE - 3,MSC DATA SCIENCE,Neutral,2.0
14,3,14,Teachers are able to identify your weaknesses and help you to overcome them.,0,1,1,1,0,,MSC DATA SCIENCE - 3,MSC DATA SCIENCE,Positive,3.0
15,3,14,"The institution makes effort to engage students in the monitoring, review and continuous quality improvement of the teaching-learning process.",0,0,2,1,0,,MSC DATA SCIENCE - 3,MSC DATA SCIENCE,Neutral,3.3333333333333335
16,3,14,"The institute/ teachers use student-centric methods, such as experiential learning, participative learning and problem-solving methodologies for enhancing learning experiences.",0,0,1,2,0,,MSC DATA SCIENCE - 3,MSC DATA SCIENCE,Neutral,3.6666666666666665
17,3,14,Teachers encourage you to participate in extracurricular activities.,0,0,1,2,0,,MSC DATA SCIENCE - 3,MSC DATA SCIENCE,Neutral,3.6666666666666665
18,3,14,"Efforts are made by the institute/ teachers to inculcate soft skills, life skills and employability skills to make you ready for the world of work.",0,1,1,1,0,,MSC DATA SCIENCE - 3,MSC DATA SCIENCE,Positive,3.0
19,3,14,"What percentage of teachers use ICT tools such as LCD projectors, Multimedia, etc. while teaching?",0,0,0,2,1,,MSC DATA SCIENCE - 3,MSC DATA SCIENCE,Neutral,4.333333333333333
20,3,14,The overall quality of the teaching-learning process in your institute is very good.,0,0,2,1,0,,MSC DATA SCIENCE - 3,MSC DATA SCIENCE,Positive,3.3333333333333335
1,6,20,How much of the syllabus was covered in the class?,0,0,1,0,5,,MSC INFORMATION TECHNOLOGY - 3,MSC INFORMATION TECHNOLOGY,Positive,4.666666666666667
2,6,20,How well did the teachers prepare for the classes?,0,0,0,3,3,,MSC INFORMATION TECHNOLOGY - 3,MSC INFORMATION TECHNOLOGY,Neutral,4.5
3,6,20,How well were the teachers able to communicate?,0,1,1,0,4,,MSC INFORMATION TECHNOLOGY - 3,MSC INFORMATION TECHNOLOGY,Positive,4.166666666666667
4,6,20,The teachers approach to teaching can best be described as,0,0,2,1,3,,MSC INFORMATION TECHNOLOGY - 3,MSC INFORMATION TECHNOLOGY,Positive,4.166666666666667
5,6,20,Fairness of the internal evaluation process by the teachers.,0,0,1,1,4,,MSC INFORMATION TECHNOLOGY - 3,MSC INFORMATION TECHNOLOGY,Neutral,4.5
6,6,20,Was your performance in assignments discussed with you?,0,1,0,3,2,,MSC INFORMATION TECHNOLOGY - 3,MSC INFORMATION TECHNOLOGY,Neutral,4.0
7,6,20,"The institute takes an active interest in promoting internships, student exchange, field visit opportunities for students.",1,0,2,1,2,,MSC INFORMATION TECHNOLOGY - 3,MSC INFORMATION TECHNOLOGY,Negative,3.5
8,6,20,"The teaching and mentoring process in your institution facilitates you in cognitive, social and
emotional growth.",2,1,0,1,2,,MSC INFORMATION TECHNOLOGY - 3,MSC INFORMATION TECHNOLOGY,Positive,3.0
9,6,20,The institution provides multiple opportunities to learn and grow.,0,0,1,3,2,,MSC INFORMATION TECHNOLOGY - 3,MSC INFORMATION TECHNOLOGY,Neutral,4.166666666666667
10,6,20,"Teachers inform you about your expected competencies, course outcomes and program
outcomes.",0,0,0,3,3,,MSC INFORMATION TECHNOLOGY - 3,MSC INFORMATION TECHNOLOGY,Negative,4.5
11,6,20,Your mentor does a necessary follow-up with an assigned task to you.,1,0,1,3,1,,MSC INFORMATION TECHNOLOGY - 3,MSC INFORMATION TECHNOLOGY,Neutral,3.5
12,6,20,The teachers illustrate the concepts through examples and applications.,0,0,0,3,3,,MSC INFORMATION TECHNOLOGY - 3,MSC INFORMATION TECHNOLOGY,Neutral,4.5
13,6,20,The teachers identify your strengths and encourage you to provide the proper level of challenges.,0,0,0,2,4,,MSC INFORMATION TECHNOLOGY - 3,MSC INFORMATION TECHNOLOGY,Neutral,4.666666666666667
14,6,20,Teachers are able to identify your weaknesses and help you to overcome them.,0,0,2,1,3,,MSC INFORMATION TECHNOLOGY - 3,MSC INFORMATION TECHNOLOGY,Positive,4.166666666666667
15,6,20,"The institution makes effort to engage students in the monitoring, review and continuous quality improvement of the teaching-learning process.",0,0,0,4,2,,MSC INFORMATION TECHNOLOGY - 3,MSC INFORMATION TECHNOLOGY,Neutral,4.333333333333333
16,6,20,"The institute/ teachers use student-centric methods, such as experiential learning, participative learning and problem-solving methodologies for enhancing learning experiences.",0,0,1,3,2,,MSC INFORMATION TECHNOLOGY - 3,MSC INFORMATION TECHNOLOGY,Neutral,4.166666666666667
17,6,20,Teachers encourage you to participate in extracurricular activities.,0,0,0,4,2,,MSC INFORMATION TECHNOLOGY - 3,MSC INFORMATION TECHNOLOGY,Neutral,4.333333333333333
18,6,20,"Efforts are made by the institute/ teachers to inculcate soft skills, life skills and employability skills to make you ready for the world of work.",0,0,1,1,4,,MSC INFORMATION TECHNOLOGY - 3,MSC INFORMATION TECHNOLOGY,Positive,4.5
19,6,20,"What percentage of teachers use ICT tools such as LCD projectors, Multimedia, etc. while teaching?",0,0,0,3,3,,MSC INFORMATION TECHNOLOGY - 3,MSC INFORMATION TECHNOLOGY,Neutral,4.5
20,6,20,The overall quality of the teaching-learning process in your institute is very good.,0,0,1,2,3,,MSC INFORMATION TECHNOLOGY - 3,MSC INFORMATION TECHNOLOGY,Positive,4.333333333333333
1,14,24,How much of the syllabus was covered in the class?,1,3,4,3,3,,MSC MICROBIOLOGY - 3,MSC MICROBIOLOGY,Positive,3.2857142857142856
2,14,24,How well did the teachers prepare for the classes?,0,2,3,6,3,,MSC MICROBIOLOGY - 3,MSC MICROBIOLOGY,Neutral,3.7142857142857144
3,14,24,How well were the teachers able to communicate?,0,1,2,7,4,,MSC MICROBIOLOGY - 3,MSC MICROBIOLOGY,Positive,4.0
4,14,24,The teachers approach to teaching can best be described as,0,3,4,4,3,,MSC MICROBIOLOGY - 3,MSC MICROBIOLOGY,Positive,3.5
5,14,24,Fairness of the internal evaluation process by the teachers.,0,0,3,6,5,,MSC MICROBIOLOGY - 3,MSC MICROBIOLOGY,Neutral,4.142857142857143
6,14,24,Was your performance in assignments discussed with you?,1,0,5,5,3,,MSC MICROBIOLOGY - 3,MSC MICROBIOLOGY,Neutral,3.642857142857143
7,14,24,"The institute takes an active interest in promoting internships, student exchange, field visit opportunities for students.",0,2,4,4,4,,MSC MICROBIOLOGY - 3,MSC MICROBIOLOGY,Negative,3.7142857142857144
8,14,24,"The teaching and mentoring process in your institution facilitates you in cognitive, social and
emotional growth.",0,1,7,5,1,,MSC MICROBIOLOGY - 3,MSC MICROBIOLOGY,Positive,3.4285714285714284
9,14,24,The institution provides multiple opportunities to learn and grow.,0,1,8,2,3,,MSC MICROBIOLOGY - 3,MSC MICROBIOLOGY,Neutral,3.5
10,14,24,"Teachers inform you about your expected competencies, course outcomes and program
outcomes.",0,3,4,3,4,,MSC MICROBIOLOGY - 3,MSC MICROBIOLOGY,Negative,3.5714285714285716
11,14,24,Your mentor does a necessary follow-up with an assigned task to you.,0,0,4,5,5,,MSC MICROBIOLOGY - 3,MSC MICROBIOLOGY,Neutral,4.071428571428571
12,14,24,The teachers illustrate the concepts through examples and applications.,1,1,3,4,5,,MSC MICROBIOLOGY - 3,MSC MICROBIOLOGY,Neutral,3.7857142857142856
13,14,24,The teachers identify your strengths and encourage you to provide the proper level of challenges.,0,2,5,3,4,,MSC MICROBIOLOGY - 3,MSC MICROBIOLOGY,Neutral,3.642857142857143
14,14,24,Teachers are able to identify your weaknesses and help you to overcome them.,0,1,5,4,4,,MSC MICROBIOLOGY - 3,MSC MICROBIOLOGY,Positive,3.7857142857142856
15,14,24,"The institution makes effort to engage students in the monitoring, review and continuous quality improvement of the teaching-learning process.",0,0,7,4,3,,MSC MICROBIOLOGY - 3,MSC MICROBIOLOGY,Neutral,3.7142857142857144
16,14,24,"The institute/ teachers use student-centric methods, such as experiential learning, participative learning and problem-solving methodologies for enhancing learning experiences.",0,1,4,5,4,,MSC MICROBIOLOGY - 3,MSC MICROBIOLOGY,Neutral,3.857142857142857
17,14,24,Teachers encourage you to participate in extracurricular activities.,0,1,7,3,3,,MSC MICROBIOLOGY - 3,MSC MICROBIOLOGY,Neutral,3.5714285714285716
18,14,24,"Efforts are made by the institute/ teachers to inculcate soft skills, life skills and employability skills to make you ready for the world of work.",0,2,3,5,4,,MSC MICROBIOLOGY - 3,MSC MICROBIOLOGY,Positive,3.7857142857142856
19,14,24,"What percentage of teachers use ICT tools such as LCD projectors, Multimedia, etc. while teaching?",1,0,6,5,2,,MSC MICROBIOLOGY - 3,MSC MICROBIOLOGY,Neutral,3.5
20,14,24,The overall quality of the teaching-learning process in your institute is very good.,0,1,7,2,4,,MSC MICROBIOLOGY - 3,MSC MICROBIOLOGY,Positive,3.642857142857143
1,17,22,How much of the syllabus was covered in the class?,1,1,1,6,8,,MSC ORGANIC CHEMISTRY - 3,MSC ORGANIC CHEMISTRY,Positive,4.117647058823529
2,17,22,How well did the teachers prepare for the classes?,0,1,1,9,6,,MSC ORGANIC CHEMISTRY - 3,MSC ORGANIC CHEMISTRY,Neutral,4.176470588235294
3,17,22,How well were the teachers able to communicate?,0,0,4,8,5,,MSC ORGANIC CHEMISTRY - 3,MSC ORGANIC CHEMISTRY,Positive,4.0588235294117645
4,17,22,The teachers approach to teaching can best be described as,1,0,3,9,4,,MSC ORGANIC CHEMISTRY - 3,MSC ORGANIC CHEMISTRY,Positive,3.8823529411764706
5,17,22,Fairness of the internal evaluation process by the teachers.,0,0,1,8,8,,MSC ORGANIC CHEMISTRY - 3,MSC ORGANIC CHEMISTRY,Neutral,4.411764705882353
6,17,22,Was your performance in assignments discussed with you?,2,1,3,4,7,,MSC ORGANIC CHEMISTRY - 3,MSC ORGANIC CHEMISTRY,Neutral,3.764705882352941
7,17,22,"The institute takes an active interest in promoting internships, student exchange, field visit opportunities for students.",1,0,2,10,4,,MSC ORGANIC CHEMISTRY - 3,MSC ORGANIC CHEMISTRY,Negative,3.9411764705882355
8,17,22,"The teaching and mentoring process in your institution facilitates you in cognitive, social and
emotional growth.",1,2,1,7,6,,MSC ORGANIC CHEMISTRY - 3,MSC ORGANIC CHEMISTRY,Positive,3.8823529411764706
9,17,22,The institution provides multiple opportunities to learn and grow.,1,0,3,7,6,,MSC ORGANIC CHEMISTRY - 3,MSC ORGANIC CHEMISTRY,Neutral,4.0
10,17,22,"Teachers inform you about your expected competencies, course outcomes and program
outcomes.",0,0,1,8,8,,MSC ORGANIC CHEMISTRY - 3,MSC ORGANIC CHEMISTRY,Negative,4.411764705882353
11,17,22,Your mentor does a necessary follow-up with an assigned task to you.,1,2,3,5,6,,MSC ORGANIC CHEMISTRY - 3,MSC ORGANIC CHEMISTRY,Neutral,3.764705882352941
12,17,22,The teachers illustrate the concepts through examples and applications.,1,0,1,7,8,,MSC ORGANIC CHEMISTRY - 3,MSC ORGANIC CHEMISTRY,Neutral,4.235294117647059
13,17,22,The teachers identify your strengths and encourage you to provide the proper level of challenges.,2,1,1,6,7,,MSC ORGANIC CHEMISTRY - 3,MSC ORGANIC CHEMISTRY,Neutral,3.8823529411764706
14,17,22,Teachers are able to identify your weaknesses and help you to overcome them.,1,2,3,5,6,,MSC ORGANIC CHEMISTRY - 3,MSC ORGANIC CHEMISTRY,Positive,3.764705882352941
15,17,22,"The institution makes effort to engage students in the monitoring, review and continuous quality improvement of the teaching-learning process.",0,2,2,8,5,,MSC ORGANIC CHEMISTRY - 3,MSC ORGANIC CHEMISTRY,Neutral,3.9411764705882355
16,17,22,"The institute/ teachers use student-centric methods, such as experiential learning, participative learning and problem-solving methodologies for enhancing learning experiences.",1,0,3,8,5,,MSC ORGANIC CHEMISTRY - 3,MSC ORGANIC CHEMISTRY,Neutral,3.9411764705882355
17,17,22,Teachers encourage you to participate in extracurricular activities.,0,1,4,7,5,,MSC ORGANIC CHEMISTRY - 3,MSC ORGANIC CHEMISTRY,Neutral,3.9411764705882355
18,17,22,"Efforts are made by the institute/ teachers to inculcate soft skills, life skills and employability skills to make you ready for the world of work.",0,1,3,8,5,,MSC ORGANIC CHEMISTRY - 3,MSC ORGANIC CHEMISTRY,Positive,4.0
19,17,22,"What percentage of teachers use ICT tools such as LCD projectors, Multimedia, etc. while teaching?",1,3,4,7,2,,MSC ORGANIC CHEMISTRY - 3,MSC ORGANIC CHEMISTRY,Neutral,3.3529411764705883
20,17,22,The overall quality of the teaching-learning process in your institute is very good.,0,0,4,9,4,,MSC ORGANIC CHEMISTRY - 3,MSC ORGANIC CHEMISTRY,Positive,4.0
1,2,18,How much of the syllabus was covered in the class?,0,1,0,1,0,,MSC PHYSICS - 3,MSC PHYSICS,Positive,3.0
2,2,18,How well did the teachers prepare for the classes?,0,0,0,1,1,,MSC PHYSICS - 3,MSC PHYSICS,Neutral,4.5
3,2,18,How well were the teachers able to communicate?,0,0,0,1,1,,MSC PHYSICS - 3,MSC PHYSICS,Positive,4.5
4,2,18,The teachers approach to teaching can best be described as,0,1,0,0,1,,MSC PHYSICS - 3,MSC PHYSICS,Positive,3.5
5,2,18,Fairness of the internal evaluation process by the teachers.,0,0,0,1,1,,MSC PHYSICS - 3,MSC PHYSICS,Neutral,4.5
6,2,18,Was your performance in assignments discussed with you?,0,1,0,1,0,,MSC PHYSICS - 3,MSC PHYSICS,Neutral,3.0
7,2,18,"The institute takes an active interest in promoting internships, student exchange, field visit opportunities for students.",0,1,1,0,0,,MSC PHYSICS - 3,MSC PHYSICS,Negative,2.5
8,2,18,"The teaching and mentoring process in your institution facilitates you in cognitive, social and
emotional growth.",0,1,0,1,0,,MSC PHYSICS - 3,MSC PHYSICS,Positive,3.0
9,2,18,The institution provides multiple opportunities to learn and grow.,0,0,1,1,0,,MSC PHYSICS - 3,MSC PHYSICS,Neutral,3.5
10,2,18,"Teachers inform you about your expected competencies, course outcomes and program
outcomes.",0,1,0,0,1,,MSC PHYSICS - 3,MSC PHYSICS,Negative,3.5
11,2,18,Your mentor does a necessary follow-up with an assigned task to you.,0,1,1,0,0,,MSC PHYSICS - 3,MSC PHYSICS,Neutral,2.5
12,2,18,The teachers illustrate the concepts through examples and applications.,0,0,1,0,1,,MSC PHYSICS - 3,MSC PHYSICS,Neutral,4.0
13,2,18,The teachers identify your strengths and encourage you to provide the proper level of challenges.,0,1,0,0,1,,MSC PHYSICS - 3,MSC PHYSICS,Neutral,3.5
14,2,18,Teachers are able to identify your weaknesses and help you to overcome them.,0,1,0,1,0,,MSC PHYSICS - 3,MSC PHYSICS,Positive,3.0
15,2,18,"The institution makes effort to engage students in the monitoring, review and continuous quality improvement of the teaching-learning process.",0,0,1,1,0,,MSC PHYSICS - 3,MSC PHYSICS,Neutral,3.5
16,2,18,"The institute/ teachers use student-centric methods, such as experiential learning, participative learning and problem-solving methodologies for enhancing learning experiences.",0,1,1,0,0,,MSC PHYSICS - 3,MSC PHYSICS,Neutral,2.5
17,2,18,Teachers encourage you to participate in extracurricular activities.,0,0,1,0,1,,MSC PHYSICS - 3,MSC PHYSICS,Neutral,4.0
18,2,18,"Efforts are made by the institute/ teachers to inculcate soft skills, life skills and employability skills to make you ready for the world of work.",0,0,1,1,0,,MSC PHYSICS - 3,MSC PHYSICS,Positive,3.5
19,2,18,"What percentage of teachers use ICT tools such as LCD projectors, Multimedia, etc. while teaching?",0,1,0,1,0,,MSC PHYSICS - 3,MSC PHYSICS,Neutral,3.0
20,2,18,The overall quality of the teaching-learning process in your institute is very good.,0,0,1,1,0,,MSC PHYSICS - 3,MSC PHYSICS,Positive,3.5
1,46,137,How much of the syllabus was covered in the class?,0,3,2,8,33,,S.Y.B.A.F,BACHELOR OF COMMERCE (ACCOUNTING AND FINANCE),Positive,4.543478260869565
2,46,137,How well did the teachers prepare for the classes?,1,2,3,27,13,,S.Y.B.A.F,BACHELOR OF COMMERCE (ACCOUNTING AND FINANCE),Neutral,4.065217391304348
3,46,137,How well were the teachers able to communicate?,0,0,5,16,25,,S.Y.B.A.F,BACHELOR OF COMMERCE (ACCOUNTING AND FINANCE),Positive,4.434782608695652
4,46,137,The teachers approach to teaching can best be described as,0,1,7,24,14,,S.Y.B.A.F,BACHELOR OF COMMERCE (ACCOUNTING AND FINANCE),Positive,4.108695652173913
5,46,137,Fairness of the internal evaluation process by the teachers.,1,0,4,17,24,,S.Y.B.A.F,BACHELOR OF COMMERCE (ACCOUNTING AND FINANCE),Neutral,4.369565217391305
6,46,137,Was your performance in assignments discussed with you?,0,2,5,19,20,,S.Y.B.A.F,BACHELOR OF COMMERCE (ACCOUNTING AND FINANCE),Neutral,4.239130434782608
7,46,137,"The institute takes an active interest in promoting internships, student exchange, field visit opportunities for students.",2,3,8,12,21,,S.Y.B.A.F,BACHELOR OF COMMERCE (ACCOUNTING AND FINANCE),Negative,4.021739130434782
8,46,137,"The teaching and mentoring process in your institution facilitates you in cognitive, social and
emotional growth.",0,2,9,21,14,,S.Y.B.A.F,BACHELOR OF COMMERCE (ACCOUNTING AND FINANCE),Positive,4.021739130434782
9,46,137,The institution provides multiple opportunities to learn and grow.,0,2,2,24,18,,S.Y.B.A.F,BACHELOR OF COMMERCE (ACCOUNTING AND FINANCE),Neutral,4.260869565217392
10,46,137,"Teachers inform you about your expected competencies, course outcomes and program
outcomes.",1,1,3,24,17,,S.Y.B.A.F,BACHELOR OF COMMERCE (ACCOUNTING AND FINANCE),Negative,4.195652173913044
11,46,137,Your mentor does a necessary follow-up with an assigned task to you.,0,1,2,30,13,,S.Y.B.A.F,BACHELOR OF COMMERCE (ACCOUNTING AND FINANCE),Neutral,4.195652173913044
12,46,137,The teachers illustrate the concepts through examples and applications.,0,2,4,19,21,,S.Y.B.A.F,BACHELOR OF COMMERCE (ACCOUNTING AND FINANCE),Neutral,4.282608695652174
13,46,137,The teachers identify your strengths and encourage you to provide the proper level of challenges.,1,2,6,18,19,,S.Y.B.A.F,BACHELOR OF COMMERCE (ACCOUNTING AND FINANCE),Neutral,4.130434782608695
14,46,137,Teachers are able to identify your weaknesses and help you to overcome them.,1,7,6,16,16,,S.Y.B.A.F,BACHELOR OF COMMERCE (ACCOUNTING AND FINANCE),Positive,3.847826086956522
15,46,137,"The institution makes effort to engage students in the monitoring, review and continuous quality improvement of the teaching-learning process.",1,2,3,27,13,,S.Y.B.A.F,BACHELOR OF COMMERCE (ACCOUNTING AND FINANCE),Neutral,4.065217391304348
16,46,137,"The institute/ teachers use student-centric methods, such as experiential learning, participative learning and problem-solving methodologies for enhancing learning experiences.",0,5,5,19,17,,S.Y.B.A.F,BACHELOR OF COMMERCE (ACCOUNTING AND FINANCE),Neutral,4.043478260869565
17,46,137,Teachers encourage you to participate in extracurricular activities.,1,1,3,19,22,,S.Y.B.A.F,BACHELOR OF COMMERCE (ACCOUNTING AND FINANCE),Neutral,4.304347826086956
18,46,137,"Efforts are made by the institute/ teachers to inculcate soft skills, life skills and employability skills to make you ready for the world of work.",1,3,1,25,16,,S.Y.B.A.F,BACHELOR OF COMMERCE (ACCOUNTING AND FINANCE),Positive,4.130434782608695
19,46,137,"What percentage of teachers use ICT tools such as LCD projectors, Multimedia, etc. while teaching?",10,2,10,13,11,,S.Y.B.A.F,BACHELOR OF COMMERCE (ACCOUNTING AND FINANCE),Neutral,3.282608695652174
20,46,137,The overall quality of the teaching-learning process in your institute is very good.,2,1,6,18,19,,S.Y.B.A.F,BACHELOR OF COMMERCE (ACCOUNTING AND FINANCE),Positive,4.108695652173913
1,37,559,How much of the syllabus was covered in the class?,0,3,12,14,8,,SYBCOM,BACHELOR OF COMMERCE,Positive,3.72972972972973
2,37,559,How well did the teachers prepare for the classes?,1,3,5,20,8,,SYBCOM,BACHELOR OF COMMERCE,Neutral,3.8378378378378377
3,37,559,How well were the teachers able to communicate?,2,1,5,13,16,,SYBCOM,BACHELOR OF COMMERCE,Positive,4.081081081081081
4,37,559,The teachers approach to teaching can best be described as,0,2,16,13,6,,SYBCOM,BACHELOR OF COMMERCE,Positive,3.6216216216216215
5,37,559,Fairness of the internal evaluation process by the teachers.,1,4,4,14,14,,SYBCOM,BACHELOR OF COMMERCE,Neutral,3.972972972972973
6,37,559,Was your performance in assignments discussed with you?,2,6,5,9,15,,SYBCOM,BACHELOR OF COMMERCE,Neutral,3.7837837837837838
7,37,559,"The institute takes an active interest in promoting internships, student exchange, field visit opportunities for students.",1,4,13,6,13,,SYBCOM,BACHELOR OF COMMERCE,Negative,3.7027027027027026
8,37,559,"The teaching and mentoring process in your institution facilitates you in cognitive, social and
emotional growth.",2,4,7,17,7,,SYBCOM,BACHELOR OF COMMERCE,Positive,3.6216216216216215
9,37,559,The institution provides multiple opportunities to learn and grow.,0,4,12,15,6,,SYBCOM,BACHELOR OF COMMERCE,Neutral,3.6216216216216215
10,37,559,"Teachers inform you about your expected competencies, course outcomes and program
outcomes.",3,3,2,13,16,,SYBCOM,BACHELOR OF COMMERCE,Negative,3.972972972972973
11,37,559,Your mentor does a necessary follow-up with an assigned task to you.,3,4,6,10,14,,SYBCOM,BACHELOR OF COMMERCE,Neutral,3.7567567567567566
12,37,559,The teachers illustrate the concepts through examples and applications.,2,7,4,10,14,,SYBCOM,BACHELOR OF COMMERCE,Neutral,3.72972972972973
13,37,559,The teachers identify your strengths and encourage you to provide the proper level of challenges.,1,3,8,12,13,,SYBCOM,BACHELOR OF COMMERCE,Neutral,3.891891891891892
14,37,559,Teachers are able to identify your weaknesses and help you to overcome them.,2,6,7,11,11,,SYBCOM,BACHELOR OF COMMERCE,Positive,3.6216216216216215
15,37,559,"The institution makes effort to engage students in the monitoring, review and continuous quality improvement of the teaching-learning process.",2,5,7,14,9,,SYBCOM,BACHELOR OF COMMERCE,Neutral,3.6216216216216215
16,37,559,"The institute/ teachers use student-centric methods, such as experiential learning, participative learning and problem-solving methodologies for enhancing learning experiences.",1,7,5,16,8,,SYBCOM,BACHELOR OF COMMERCE,Neutral,3.6216216216216215
17,37,559,Teachers encourage you to participate in extracurricular activities.,1,4,8,15,9,,SYBCOM,BACHELOR OF COMMERCE,Neutral,3.72972972972973
18,37,559,"Efforts are made by the institute/ teachers to inculcate soft skills, life skills and employability skills to make you ready for the world of work.",4,6,3,14,10,,SYBCOM,BACHELOR OF COMMERCE,Positive,3.5405405405405403
19,37,559,"What percentage of teachers use ICT tools such as LCD projectors, Multimedia, etc. while teaching?",9,8,9,7,4,,SYBCOM,BACHELOR OF COMMERCE,Neutral,2.7027027027027026
20,37,559,The overall quality of the teaching-learning process in your institute is very good.,1,2,8,16,10,,SYBCOM,BACHELOR OF COMMERCE,Positive,3.864864864864865
1,7,123,How much of the syllabus was covered in the class?,0,0,1,4,2,,SYBMS,BACHELOR OF MANAGEMENT STUDIES,Positive,4.142857142857143
2,7,123,How well did the teachers prepare for the classes?,0,0,0,3,4,,SYBMS,BACHELOR OF MANAGEMENT STUDIES,Neutral,4.571428571428571
3,7,123,How well were the teachers able to communicate?,0,0,2,2,3,,SYBMS,BACHELOR OF MANAGEMENT STUDIES,Positive,4.142857142857143
4,7,123,The teachers approach to teaching can best be described as,0,0,1,3,3,,SYBMS,BACHELOR OF MANAGEMENT STUDIES,Positive,4.285714285714286
5,7,123,Fairness of the internal evaluation process by the teachers.,0,0,1,2,4,,SYBMS,BACHELOR OF MANAGEMENT STUDIES,Neutral,4.428571428571429
6,7,123,Was your performance in assignments discussed with you?,0,0,1,1,5,,SYBMS,BACHELOR OF MANAGEMENT STUDIES,Neutral,4.571428571428571
7,7,123,"The institute takes an active interest in promoting internships, student exchange, field visit opportunities for students.",0,0,1,3,3,,SYBMS,BACHELOR OF MANAGEMENT STUDIES,Negative,4.285714285714286
8,7,123,"The teaching and mentoring process in your institution facilitates you in cognitive, social and
emotional growth.",0,0,1,4,2,,SYBMS,BACHELOR OF MANAGEMENT STUDIES,Positive,4.142857142857143
9,7,123,The institution provides multiple opportunities to learn and grow.,0,0,1,2,4,,SYBMS,BACHELOR OF MANAGEMENT STUDIES,Neutral,4.428571428571429
10,7,123,"Teachers inform you about your expected competencies, course outcomes and program
outcomes.",0,0,1,2,4,,SYBMS,BACHELOR OF MANAGEMENT STUDIES,Negative,4.428571428571429
11,7,123,Your mentor does a necessary follow-up with an assigned task to you.,0,0,0,2,5,,SYBMS,BACHELOR OF MANAGEMENT STUDIES,Neutral,4.714285714285714
12,7,123,The teachers illustrate the concepts through examples and applications.,0,0,1,2,4,,SYBMS,BACHELOR OF MANAGEMENT STUDIES,Neutral,4.428571428571429
13,7,123,The teachers identify your strengths and encourage you to provide the proper level of challenges.,0,0,0,4,3,,SYBMS,BACHELOR OF MANAGEMENT STUDIES,Neutral,4.428571428571429
14,7,123,Teachers are able to identify your weaknesses and help you to overcome them.,0,0,0,3,4,,SYBMS,BACHELOR OF MANAGEMENT STUDIES,Positive,4.571428571428571
15,7,123,"The institution makes effort to engage students in the monitoring, review and continuous quality improvement of the teaching-learning process.",0,0,0,4,3,,SYBMS,BACHELOR OF MANAGEMENT STUDIES,Neutral,4.428571428571429
16,7,123,"The institute/ teachers use student-centric methods, such as experiential learning, participative learning and problem-solving methodologies for enhancing learning experiences.",0,0,1,2,4,,SYBMS,BACHELOR OF MANAGEMENT STUDIES,Neutral,4.428571428571429
17,7,123,Teachers encourage you to participate in extracurricular activities.,1,0,0,3,3,,SYBMS,BACHELOR OF MANAGEMENT STUDIES,Neutral,4.0
18,7,123,"Efforts are made by the institute/ teachers to inculcate soft skills, life skills and employability skills to make you ready for the world of work.",0,0,0,3,4,,SYBMS,BACHELOR OF MANAGEMENT STUDIES,Positive,4.571428571428571
19,7,123,"What percentage of teachers use ICT tools such as LCD projectors, Multimedia, etc. while teaching?",0,1,0,6,0,,SYBMS,BACHELOR OF MANAGEMENT STUDIES,Neutral,3.7142857142857144
20,7,123,The overall quality of the teaching-learning process in your institute is very good.,0,0,0,4,3,,SYBMS,BACHELOR OF MANAGEMENT STUDIES,Positive,4.428571428571429
1,7,159,How much of the syllabus was covered in the class?,0,1,3,1,2,,SYBSC,BACHELOR OF SCIENCE,Positive,3.5714285714285716
2,7,159,How well did the teachers prepare for the classes?,0,0,3,3,1,,SYBSC,BACHELOR OF SCIENCE,Neutral,3.7142857142857144
3,7,159,How well were the teachers able to communicate?,0,2,2,2,1,,SYBSC,BACHELOR OF SCIENCE,Positive,3.2857142857142856
4,7,159,The teachers approach to teaching can best be described as,0,2,4,1,0,,SYBSC,BACHELOR OF SCIENCE,Positive,2.857142857142857
5,7,159,Fairness of the internal evaluation process by the teachers.,0,3,1,1,2,,SYBSC,BACHELOR OF SCIENCE,Neutral,3.2857142857142856
6,7,159,Was your performance in assignments discussed with you?,1,2,2,2,0,,SYBSC,BACHELOR OF SCIENCE,Neutral,2.7142857142857144
7,7,159,"The institute takes an active interest in promoting internships, student exchange, field visit opportunities for students.",0,3,0,2,2,,SYBSC,BACHELOR OF SCIENCE,Negative,3.4285714285714284
8,7,159,"The teaching and mentoring process in your institution facilitates you in cognitive, social and
emotional growth.",0,2,3,2,0,,SYBSC,BACHELOR OF SCIENCE,Positive,3.0
9,7,159,The institution provides multiple opportunities to learn and grow.,0,2,2,3,0,,SYBSC,BACHELOR OF SCIENCE,Neutral,3.142857142857143
10,7,159,"Teachers inform you about your expected competencies, course outcomes and program
outcomes.",0,3,2,1,1,,SYBSC,BACHELOR OF SCIENCE,Negative,3.0
11,7,159,Your mentor does a necessary follow-up with an assigned task to you.,0,1,4,0,2,,SYBSC,BACHELOR OF SCIENCE,Neutral,3.4285714285714284
12,7,159,The teachers illustrate the concepts through examples and applications.,0,3,1,1,2,,SYBSC,BACHELOR OF SCIENCE,Neutral,3.2857142857142856
13,7,159,The teachers identify your strengths and encourage you to provide the proper level of challenges.,2,1,1,2,1,,SYBSC,BACHELOR OF SCIENCE,Neutral,2.857142857142857
14,7,159,Teachers are able to identify your weaknesses and help you to overcome them.,1,1,2,2,1,,SYBSC,BACHELOR OF SCIENCE,Positive,3.142857142857143
15,7,159,"The institution makes effort to engage students in the monitoring, review and continuous quality improvement of the teaching-learning process.",0,0,6,1,0,,SYBSC,BACHELOR OF SCIENCE,Neutral,3.142857142857143
16,7,159,"The institute/ teachers use student-centric methods, such as experiential learning, participative learning and problem-solving methodologies for enhancing learning experiences.",0,3,1,2,1,,SYBSC,BACHELOR OF SCIENCE,Neutral,3.142857142857143
17,7,159,Teachers encourage you to participate in extracurricular activities.,0,0,4,1,2,,SYBSC,BACHELOR OF SCIENCE,Neutral,3.7142857142857144
18,7,159,"Efforts are made by the institute/ teachers to inculcate soft skills, life skills and employability skills to make you ready for the world of work.",0,2,2,2,1,,SYBSC,BACHELOR OF SCIENCE,Positive,3.2857142857142856
19,7,159,"What percentage of teachers use ICT tools such as LCD projectors, Multimedia, etc. while teaching?",1,0,4,2,0,,SYBSC,BACHELOR OF SCIENCE,Neutral,3.0
20,7,159,The overall quality of the teaching-learning process in your institute is very good.,0,1,3,2,1,,SYBSC,BACHELOR OF SCIENCE,Positive,3.4285714285714284
1,27,48,How much of the syllabus was covered in the class?,1,4,7,9,6,,SY COMPUTER SCIENCE,B.SC. COMPUTER SCIENCE,Positive,3.5555555555555554
2,27,48,How well did the teachers prepare for the classes?,1,5,5,10,6,,SY COMPUTER SCIENCE,B.SC. COMPUTER SCIENCE,Neutral,3.5555555555555554
3,27,48,How well were the teachers able to communicate?,1,7,3,6,10,,SY COMPUTER SCIENCE,B.SC. COMPUTER SCIENCE,Positive,3.6296296296296298
4,27,48,The teachers approach to teaching can best be described as,2,5,11,3,6,,SY COMPUTER SCIENCE,B.SC. COMPUTER SCIENCE,Positive,3.2222222222222223
5,27,48,Fairness of the internal evaluation process by the teachers.,3,4,4,11,5,,SY COMPUTER SCIENCE,B.SC. COMPUTER SCIENCE,Neutral,3.4074074074074074
6,27,48,Was your performance in assignments discussed with you?,1,7,3,9,7,,SY COMPUTER SCIENCE,B.SC. COMPUTER SCIENCE,Neutral,3.5185185185185186
7,27,48,"The institute takes an active interest in promoting internships, student exchange, field visit opportunities for students.",2,4,6,9,6,,SY COMPUTER SCIENCE,B.SC. COMPUTER SCIENCE,Negative,3.4814814814814814
8,27,48,"The teaching and mentoring process in your institution facilitates you in cognitive, social and
emotional growth.",2,7,2,9,7,,SY COMPUTER SCIENCE,B.SC. COMPUTER SCIENCE,Positive,3.4444444444444446
9,27,48,The institution provides multiple opportunities to learn and grow.,4,2,7,5,9,,SY COMPUTER SCIENCE,B.SC. COMPUTER SCIENCE,Neutral,3.4814814814814814
10,27,48,"Teachers inform you about your expected competencies, course outcomes and program
outcomes.",6,3,6,8,4,,SY COMPUTER SCIENCE,B.SC. COMPUTER SCIENCE,Negative,3.037037037037037
11,27,48,Your mentor does a necessary follow-up with an assigned task to you.,0,6,9,8,4,,SY COMPUTER SCIENCE,B.SC. COMPUTER SCIENCE,Neutral,3.3703703703703702
12,27,48,The teachers illustrate the concepts through examples and applications.,2,4,10,9,2,,SY COMPUTER SCIENCE,B.SC. COMPUTER SCIENCE,Neutral,3.185185185185185
13,27,48,The teachers identify your strengths and encourage you to provide the proper level of challenges.,4,3,5,7,8,,SY COMPUTER SCIENCE,B.SC. COMPUTER SCIENCE,Neutral,3.4444444444444446
14,27,48,Teachers are able to identify your weaknesses and help you to overcome them.,5,8,3,6,5,,SY COMPUTER SCIENCE,B.SC. COMPUTER SCIENCE,Positive,2.925925925925926
15,27,48,"The institution makes effort to engage students in the monitoring, review and continuous quality improvement of the teaching-learning process.",1,7,6,7,6,,SY COMPUTER SCIENCE,B.SC. COMPUTER SCIENCE,Neutral,3.3703703703703702
16,27,48,"The institute/ teachers use student-centric methods, such as experiential learning, participative learning and problem-solving methodologies for enhancing learning experiences.",2,6,9,5,5,,SY COMPUTER SCIENCE,B.SC. COMPUTER SCIENCE,Neutral,3.185185185185185
17,27,48,Teachers encourage you to participate in extracurricular activities.,4,4,6,10,3,,SY COMPUTER SCIENCE,B.SC. COMPUTER SCIENCE,Neutral,3.1481481481481484
18,27,48,"Efforts are made by the institute/ teachers to inculcate soft skills, life skills and employability skills to make you ready for the world of work.",2,4,11,6,4,,SY COMPUTER SCIENCE,B.SC. COMPUTER SCIENCE,Positive,3.2222222222222223
19,27,48,"What percentage of teachers use ICT tools such as LCD projectors, Multimedia, etc. while teaching?",1,4,7,10,5,,SY COMPUTER SCIENCE,B.SC. COMPUTER SCIENCE,Neutral,3.5185185185185186
20,27,48,The overall quality of the teaching-learning process in your institute is very good.,1,4,10,8,4,,SY COMPUTER SCIENCE,B.SC. COMPUTER SCIENCE,Positive,3.3703703703703702
1,17,118,How much of the syllabus was covered in the class?,0,2,6,5,4,,TYBA,BACHELOR OF ARTS,Positive,3.6470588235294117
2,17,118,How well did the teachers prepare for the classes?,0,0,3,5,9,,TYBA,BACHELOR OF ARTS,Neutral,4.352941176470588
3,17,118,How well were the teachers able to communicate?,0,0,2,5,10,,TYBA,BACHELOR OF ARTS,Positive,4.470588235294118
4,17,118,The teachers approach to teaching can best be described as,0,1,5,5,6,,TYBA,BACHELOR OF ARTS,Positive,3.9411764705882355
5,17,118,Fairness of the internal evaluation process by the teachers.,0,0,2,4,11,,TYBA,BACHELOR OF ARTS,Neutral,4.529411764705882
6,17,118,Was your performance in assignments discussed with you?,0,0,2,2,13,,TYBA,BACHELOR OF ARTS,Neutral,4.647058823529412
7,17,118,"The institute takes an active interest in promoting internships, student exchange, field visit opportunities for students.",0,0,3,3,11,,TYBA,BACHELOR OF ARTS,Negative,4.470588235294118
8,17,118,"The teaching and mentoring process in your institution facilitates you in cognitive, social and
emotional growth.",0,0,2,7,8,,TYBA,BACHELOR OF ARTS,Positive,4.352941176470588
9,17,118,The institution provides multiple opportunities to learn and grow.,0,0,5,9,3,,TYBA,BACHELOR OF ARTS,Neutral,3.8823529411764706
10,17,118,"Teachers inform you about your expected competencies, course outcomes and program
outcomes.",0,2,1,1,13,,TYBA,BACHELOR OF ARTS,Negative,4.470588235294118
11,17,118,Your mentor does a necessary follow-up with an assigned task to you.,0,2,4,3,8,,TYBA,BACHELOR OF ARTS,Neutral,4.0
12,17,118,The teachers illustrate the concepts through examples and applications.,0,2,5,3,7,,TYBA,BACHELOR OF ARTS,Neutral,3.8823529411764706
13,17,118,The teachers identify your strengths and encourage you to provide the proper level of challenges.,1,0,4,6,6,,TYBA,BACHELOR OF ARTS,Neutral,3.9411764705882355
14,17,118,Teachers are able to identify your weaknesses and help you to overcome them.,1,1,4,1,10,,TYBA,BACHELOR OF ARTS,Positive,4.0588235294117645
15,17,118,"The institution makes effort to engage students in the monitoring, review and continuous quality improvement of the teaching-learning process.",0,1,2,11,3,,TYBA,BACHELOR OF ARTS,Neutral,3.9411764705882355
16,17,118,"The institute/ teachers use student-centric methods, such as experiential learning, participative learning and problem-solving methodologies for enhancing learning experiences.",0,3,2,3,9,,TYBA,BACHELOR OF ARTS,Neutral,4.0588235294117645
17,17,118,Teachers encourage you to participate in extracurricular activities.,0,0,4,8,5,,TYBA,BACHELOR OF ARTS,Neutral,4.0588235294117645
18,17,118,"Efforts are made by the institute/ teachers to inculcate soft skills, life skills and employability skills to make you ready for the world of work.",0,3,2,4,8,,TYBA,BACHELOR OF ARTS,Positive,4.0
19,17,118,"What percentage of teachers use ICT tools such as LCD projectors, Multimedia, etc. while teaching?",0,2,3,9,3,,TYBA,BACHELOR OF ARTS,Neutral,3.764705882352941
20,17,118,The overall quality of the teaching-learning process in your institute is very good.,0,1,4,7,5,,TYBA,BACHELOR OF ARTS,Positive,3.9411764705882355
1,39,331,How much of the syllabus was covered in the class?,2,5,8,8,16,,TYBCOM,BACHELOR OF COMMERCE,Positive,3.7948717948717947
2,39,331,How well did the teachers prepare for the classes?,0,2,10,21,6,,TYBCOM,BACHELOR OF COMMERCE,Neutral,3.7948717948717947
3,39,331,How well were the teachers able to communicate?,1,2,6,9,21,,TYBCOM,BACHELOR OF COMMERCE,Positive,4.205128205128205
4,39,331,The teachers approach to teaching can best be described as,1,2,11,14,11,,TYBCOM,BACHELOR OF COMMERCE,Positive,3.8205128205128207
5,39,331,Fairness of the internal evaluation process by the teachers.,1,6,8,8,16,,TYBCOM,BACHELOR OF COMMERCE,Neutral,3.8205128205128207
6,39,331,Was your performance in assignments discussed with you?,1,7,8,9,14,,TYBCOM,BACHELOR OF COMMERCE,Neutral,3.717948717948718
7,39,331,"The institute takes an active interest in promoting internships, student exchange, field visit opportunities for students.",2,5,11,6,15,,TYBCOM,BACHELOR OF COMMERCE,Negative,3.6923076923076925
8,39,331,"The teaching and mentoring process in your institution facilitates you in cognitive, social and
emotional growth.",4,6,6,12,11,,TYBCOM,BACHELOR OF COMMERCE,Positive,3.5128205128205128
9,39,331,The institution provides multiple opportunities to learn and grow.,2,5,9,11,12,,TYBCOM,BACHELOR OF COMMERCE,Neutral,3.6666666666666665
10,39,331,"Teachers inform you about your expected competencies, course outcomes and program
outcomes.",0,6,7,11,15,,TYBCOM,BACHELOR OF COMMERCE,Negative,3.8974358974358974
11,39,331,Your mentor does a necessary follow-up with an assigned task to you.,4,7,5,5,18,,TYBCOM,BACHELOR OF COMMERCE,Neutral,3.6666666666666665
12,39,331,The teachers illustrate the concepts through examples and applications.,3,5,4,10,17,,TYBCOM,BACHELOR OF COMMERCE,Neutral,3.8461538461538463
13,39,331,The teachers identify your strengths and encourage you to provide the proper level of challenges.,2,4,5,15,13,,TYBCOM,BACHELOR OF COMMERCE,Neutral,3.8461538461538463
14,39,331,Teachers are able to identify your weaknesses and help you to overcome them.,3,3,8,13,12,,TYBCOM,BACHELOR OF COMMERCE,Positive,3.717948717948718
15,39,331,"The institution makes effort to engage students in the monitoring, review and continuous quality improvement of the teaching-learning process.",3,4,9,15,8,,TYBCOM,BACHELOR OF COMMERCE,Neutral,3.5384615384615383
16,39,331,"The institute/ teachers use student-centric methods, such as experiential learning, participative learning and problem-solving methodologies for enhancing learning experiences.",2,7,11,11,8,,TYBCOM,BACHELOR OF COMMERCE,Neutral,3.41025641025641
17,39,331,Teachers encourage you to participate in extracurricular activities.,0,5,13,11,10,,TYBCOM,BACHELOR OF COMMERCE,Neutral,3.6666666666666665
18,39,331,"Efforts are made by the institute/ teachers to inculcate soft skills, life skills and employability skills to make you ready for the world of work.",0,4,8,14,13,,TYBCOM,BACHELOR OF COMMERCE,Positive,3.923076923076923
19,39,331,"What percentage of teachers use ICT tools such as LCD projectors, Multimedia, etc. while teaching?",7,3,13,5,11,,TYBCOM,BACHELOR OF COMMERCE,Neutral,3.2564102564102564
20,39,331,The overall quality of the teaching-learning process in your institute is very good.,1,5,4,14,15,,TYBCOM,BACHELOR OF COMMERCE,Positive,3.948717948717949
1,4,105,How much of the syllabus was covered in the class?,0,0,3,0,1,,TYBMS,BACHELOR OF MANAGEMENT STUDIES,Positive,3.5
2,4,105,How well did the teachers prepare for the classes?,0,0,0,3,1,,TYBMS,BACHELOR OF MANAGEMENT STUDIES,Neutral,4.25
3,4,105,How well were the teachers able to communicate?,0,0,0,3,1,,TYBMS,BACHELOR OF MANAGEMENT STUDIES,Positive,4.25
4,4,105,The teachers approach to teaching can best be described as,0,0,3,0,1,,TYBMS,BACHELOR OF MANAGEMENT STUDIES,Positive,3.5
5,4,105,Fairness of the internal evaluation process by the teachers.,0,0,1,2,1,,TYBMS,BACHELOR OF MANAGEMENT STUDIES,Neutral,4.0
6,4,105,Was your performance in assignments discussed with you?,0,0,2,0,2,,TYBMS,BACHELOR OF MANAGEMENT STUDIES,Neutral,4.0
7,4,105,"The institute takes an active interest in promoting internships, student exchange, field visit opportunities for students.",0,0,2,1,1,,TYBMS,BACHELOR OF MANAGEMENT STUDIES,Negative,3.75
8,4,105,"The teaching and mentoring process in your institution facilitates you in cognitive, social and
emotional growth.",0,1,1,1,1,,TYBMS,BACHELOR OF MANAGEMENT STUDIES,Positive,3.5
9,4,105,The institution provides multiple opportunities to learn and grow.,0,0,0,3,1,,TYBMS,BACHELOR OF MANAGEMENT STUDIES,Neutral,4.25
10,4,105,"Teachers inform you about your expected competencies, course outcomes and program
outcomes.",0,0,1,1,2,,TYBMS,BACHELOR OF MANAGEMENT STUDIES,Negative,4.25
11,4,105,Your mentor does a necessary follow-up with an assigned task to you.,3,0,0,0,1,,TYBMS,BACHELOR OF MANAGEMENT STUDIES,Neutral,2.0
12,4,105,The teachers illustrate the concepts through examples and applications.,0,0,0,1,3,,TYBMS,BACHELOR OF MANAGEMENT STUDIES,Neutral,4.75
13,4,105,The teachers identify your strengths and encourage you to provide the proper level of challenges.,0,0,3,0,1,,TYBMS,BACHELOR OF MANAGEMENT STUDIES,Neutral,3.5
14,4,105,Teachers are able to identify your weaknesses and help you to overcome them.,0,0,0,1,3,,TYBMS,BACHELOR OF MANAGEMENT STUDIES,Positive,4.75
15,4,105,"The institution makes effort to engage students in the monitoring, review and continuous quality improvement of the teaching-learning process.",0,0,0,4,0,,TYBMS,BACHELOR OF MANAGEMENT STUDIES,Neutral,4.0
16,4,105,"The institute/ teachers use student-centric methods, such as experiential learning, participative learning and problem-solving methodologies for enhancing learning experiences.",0,1,0,2,1,,TYBMS,BACHELOR OF MANAGEMENT STUDIES,Neutral,3.75
17,4,105,Teachers encourage you to participate in extracurricular activities.,0,0,0,3,1,,TYBMS,BACHELOR OF MANAGEMENT STUDIES,Neutral,4.25
18,4,105,"Efforts are made by the institute/ teachers to inculcate soft skills, life skills and employability skills to make you ready for the world of work.",0,0,1,2,1,,TYBMS,BACHELOR OF MANAGEMENT STUDIES,Positive,4.0
19,4,105,"What percentage of teachers use ICT tools such as LCD projectors, Multimedia, etc. while teaching?",1,0,2,0,1,,TYBMS,BACHELOR OF MANAGEMENT STUDIES,Neutral,3.0
20,4,105,The overall quality of the teaching-learning process in your institute is very good.,0,1,0,2,1,,TYBMS,BACHELOR OF MANAGEMENT STUDIES,Positive,3.75
1,9,170,How much of the syllabus was covered in the class?,0,0,0,3,6,,TYBSC,BACHELOR OF SCIENCE,Positive,4.666666666666667
2,9,170,How well did the teachers prepare for the classes?,0,0,0,3,6,,TYBSC,BACHELOR OF SCIENCE,Neutral,4.666666666666667
3,9,170,How well were the teachers able to communicate?,0,0,0,0,9,,TYBSC,BACHELOR OF SCIENCE,Positive,5.0
4,9,170,The teachers approach to teaching can best be described as,0,0,0,2,7,,TYBSC,BACHELOR OF SCIENCE,Positive,4.777777777777778
5,9,170,Fairness of the internal evaluation process by the teachers.,0,0,1,2,6,,TYBSC,BACHELOR OF SCIENCE,Neutral,4.555555555555555
6,9,170,Was your performance in assignments discussed with you?,0,0,1,2,6,,TYBSC,BACHELOR OF SCIENCE,Neutral,4.555555555555555
7,9,170,"The institute takes an active interest in promoting internships, student exchange, field visit opportunities for students.",1,1,3,0,4,,TYBSC,BACHELOR OF SCIENCE,Negative,3.5555555555555554
8,9,170,"The teaching and mentoring process in your institution facilitates you in cognitive, social and
emotional growth.",0,0,3,2,4,,TYBSC,BACHELOR OF SCIENCE,Positive,4.111111111111111
9,9,170,The institution provides multiple opportunities to learn and grow.,0,0,1,1,7,,TYBSC,BACHELOR OF SCIENCE,Neutral,4.666666666666667
10,9,170,"Teachers inform you about your expected competencies, course outcomes and program
outcomes.",0,1,0,2,6,,TYBSC,BACHELOR OF SCIENCE,Negative,4.444444444444445
11,9,170,Your mentor does a necessary follow-up with an assigned task to you.,0,0,1,1,7,,TYBSC,BACHELOR OF SCIENCE,Neutral,4.666666666666667
12,9,170,The teachers illustrate the concepts through examples and applications.,0,0,0,1,8,,TYBSC,BACHELOR OF SCIENCE,Neutral,4.888888888888889
13,9,170,The teachers identify your strengths and encourage you to provide the proper level of challenges.,0,1,0,1,7,,TYBSC,BACHELOR OF SCIENCE,Neutral,4.555555555555555
14,9,170,Teachers are able to identify your weaknesses and help you to overcome them.,1,1,0,2,5,,TYBSC,BACHELOR OF SCIENCE,Positive,4.0
15,9,170,"The institution makes effort to engage students in the monitoring, review and continuous quality improvement of the teaching-learning process.",0,0,0,2,7,,TYBSC,BACHELOR OF SCIENCE,Neutral,4.777777777777778
16,9,170,"The institute/ teachers use student-centric methods, such as experiential learning, participative learning and problem-solving methodologies for enhancing learning experiences.",1,0,0,2,6,,TYBSC,BACHELOR OF SCIENCE,Neutral,4.333333333333333
17,9,170,Teachers encourage you to participate in extracurricular activities.,0,0,0,3,6,,TYBSC,BACHELOR OF SCIENCE,Neutral,4.666666666666667
18,9,170,"Efforts are made by the institute/ teachers to inculcate soft skills, life skills and employability skills to make you ready for the world of work.",0,0,1,2,6,,TYBSC,BACHELOR OF SCIENCE,Positive,4.555555555555555
19,9,170,"What percentage of teachers use ICT tools such as LCD projectors, Multimedia, etc. while teaching?",0,0,1,3,5,,TYBSC,BACHELOR OF SCIENCE,Neutral,4.444444444444445
20,9,170,The overall quality of the teaching-learning process in your institute is very good.,0,0,1,2,6,,TYBSC,BACHELOR OF SCIENCE,Positive,4.555555555555555
